{
	"parent": "item/handheld",
	"textures": {
		"layer0": "item/cooked_beef"
	},

	"overrides": [
		{ "predicate": {"custom_model_data": 101}, "model": "item/cooked_beef/food/burger/small-burger"},
		{ "predicate": {"custom_model_data": 102}, "model": "item/cooked_beef/food/burger/medium-burger"},
		{ "predicate": {"custom_model_data": 103}, "model": "item/cooked_beef/food/burger/large-burger"},
		{ "predicate": {"custom_model_data": 201}, "model": "item/cooked_beef/food/burger/showarma"}
	]

 
}
