{
	"parent": "item/handheld",
	"textures": {
		"layer0": "item/diamond_hoe"
	},

	"overrides": [
		{ "predicate": {"custom_model_data": 101}, "model": "item/diamond_hoe/guns/double-barrel-shotgun"},
		{ "predicate": {"custom_model_data": 102}, "model": "item/diamond_hoe/guns/sniper-rifle/sniper-rifle"},
		{ "predicate": {"custom_model_data": 103}, "model": "item/diamond_hoe/guns/sniper-rifle/sniper-rifle-reload-1"},
		{ "predicate": {"custom_model_data": 104}, "model": "item/diamond_hoe/guns/sniper-rifle/sniper-rifle-reload-2"},
		{ "predicate": {"custom_model_data": 105}, "model": "item/diamond_hoe/guns/sniper-rifle/sniper-rifle-reload-3"},
		{ "predicate": {"custom_model_data": 106}, "model": "item/diamond_hoe/guns/sniper-rifle/sniper-rifle-reload-4"},
		{ "predicate": {"custom_model_data": 107}, "model": "item/diamond_hoe/guns/sniper-rifle/sniper-rifle-reload-5"},
		{ "predicate": {"custom_model_data": 108}, "model": "item/diamond_hoe/guns/sniper-rifle/sniper-rifle-reload-6"},
		{ "predicate": {"custom_model_data": 109}, "model": "item/diamond_hoe/guns/sniper-rifle/sniper-rifle-reload-7"},
		{ "predicate": {"custom_model_data": 110}, "model": "item/diamond_hoe/guns/sniper-rifle/sniper-rifle-reload-8"},
		{ "predicate": {"custom_model_data": 111}, "model": "item/diamond_hoe/guns/sniper-rifle/sniper-rifle-reload-9"},
		{ "predicate": {"custom_model_data": 112}, "model": "item/diamond_hoe/guns/sniper-rifle/sniper-rifle-reload-10"},
		{ "predicate": {"custom_model_data": 113}, "model": "item/diamond_hoe/guns/sniper-rifle/sniper-rifle-reload-11"},
		{ "predicate": {"custom_model_data": 201}, "model": "item/diamond_hoe/admin-weapons/tnt-spawner"}
	]
 
}
