{
	"parent": "item/handheld",
	"textures": {
		"layer0": "item/emerald"
	},

	"overrides": [
		{ "predicate": {"custom_model_data": 111}, "model": "item/emerald/chess/oak/chess-oak-pawn"},
		{ "predicate": {"custom_model_data": 112}, "model": "item/emerald/chess/oak/chess-oak-king"},
		{ "predicate": {"custom_model_data": 113}, "model": "item/emerald/chess/oak/chess-oak-queen"},
		{ "predicate": {"custom_model_data": 114}, "model": "item/emerald/chess/oak/chess-oak-bishop"},
		{ "predicate": {"custom_model_data": 201}, "model": "item/emerald/plushie/plushie-ninioteam"},
		{ "predicate": {"custom_model_data": 202}, "model": "item/emerald/plushie/plushie-vinniebee"}
	]

 
}
