{
	"parent": "item/handheld",
	"textures": {
		"layer0": "item/gold_ingot"
	},

	"overrides": [
		{ "predicate": {"custom_model_data": 1}, "model": "item/gold_ingot/money/city/1-dollar"},
		{ "predicate": {"custom_model_data": 2}, "model": "item/gold_ingot/money/city/2-dollar"},
		{ "predicate": {"custom_model_data": 3}, "model": "item/gold_ingot/money/city/5-dollar"},
		{ "predicate": {"custom_model_data": 4}, "model": "item/gold_ingot/money/city/10-dollar"},
		{ "predicate": {"custom_model_data": 5}, "model": "item/gold_ingot/money/city/20-dollar"},
		{ "predicate": {"custom_model_data": 6}, "model": "item/gold_ingot/money/city/50-dollar"},
		{ "predicate": {"custom_model_data": 7}, "model": "item/gold_ingot/money/city/100-dollar"}
	]

 
}
