{
	"credit": "Made with Blockbench",
	"texture_size": [32, 32],
	"textures": {
		"1": "item/money/city/20-dollar",
		"particle": "item/money/city/20-dollar"
	},
	"elements": [
		{
			"from": [1, 4, 0],
			"to": [2, 12, 16],
			"faces": {
				"north": {"uv": [0.5, 8, 1, 12], "texture": "#1"},
				"east": {"uv": [0, 0, 8, 4], "texture": "#1"},
				"south": {"uv": [1, 8, 1.5, 12], "texture": "#1"},
				"west": {"uv": [0, 4, 8, 8], "texture": "#1"},
				"up": {"uv": [0.5, 16, 0, 8], "texture": "#1"},
				"down": {"uv": [8.5, 0, 8, 8], "texture": "#1"}
			}
		}
	],
	"display": {
		"thirdperson_righthand": {
			"rotation": [-113.25, 0, 180],
			"translation": [-3.25, 0.75, 0],
			"scale": [0.5, 0.5, 0.5]
		},
		"thirdperson_lefthand": {
			"rotation": [-113.25, 0, 180],
			"translation": [3.25, 0.75, 0],
			"scale": [0.5, 0.5, 0.5]
		},
		"firstperson_righthand": {
			"translation": [6.5, 0, 0],
			"scale": [0.5, 0.5, 0.5]
		},
		"firstperson_lefthand": {
			"scale": [0.5, 0.5, 0.5]
		},
		"ground": {
			"translation": [3.25, 2, 0],
			"scale": [0.5, 0.5, 0.5]
		},
		"gui": {
			"rotation": [-180, -90, -180],
			"scale": [0.75, 0.75, 0.75]
		},
		"head": {
			"rotation": [-180, 90, -180],
			"translation": [0, 0, -13.5]
		},
		"fixed": {
			"rotation": [0, 90, 0],
			"translation": [0, 0, -6]
		}
	}
}