{
	"credit": "Made with Blockbench",
	"textures": {
		"0": "item/plushie/plushie-ninioteam",
		"particle": "item/plushie/plushie-ninioteam"
	},
	"elements": [
		{
			"from": [8, -5, 14.25],
			"to": [12, 7, 18.25],
			"rotation": {"angle": -45, "axis": "x", "origin": [8, -2, 8]},
			"faces": {
				"north": {"uv": [5, 13, 4, 16], "texture": "#0"},
				"east": {"uv": [6, 13, 7, 16], "texture": "#0"},
				"south": {"uv": [5, 13, 6, 16], "texture": "#0"},
				"west": {"uv": [7, 13, 8, 16], "texture": "#0"},
				"up": {"uv": [5, 12, 6, 13], "texture": "#0"},
				"down": {"uv": [6, 12, 7, 13], "texture": "#0"}
			}
		},
		{
			"from": [0, 9, 6],
			"to": [4, 21, 10],
			"rotation": {"angle": 0, "axis": "y", "origin": [8, -2, 8]},
			"faces": {
				"north": {"uv": [13, 5, 14, 8], "texture": "#0"},
				"east": {"uv": [12, 5, 13, 8], "texture": "#0"},
				"south": {"uv": [11, 5, 12, 8], "texture": "#0"},
				"west": {"uv": [10, 5, 11, 8], "texture": "#0"},
				"up": {"uv": [11, 4, 12, 5], "rotation": 90, "texture": "#0"},
				"down": {"uv": [12, 4, 13, 5], "rotation": 270, "texture": "#0"}
			}
		},
		{
			"from": [4, -5, 14.25],
			"to": [8, 7, 18.25],
			"rotation": {"angle": -45, "axis": "x", "origin": [8, -2, 8]},
			"faces": {
				"north": {"uv": [3, 5, 4, 8], "texture": "#0"},
				"east": {"uv": [2, 5, 3, 8], "texture": "#0"},
				"south": {"uv": [1, 5, 2, 8], "texture": "#0"},
				"west": {"uv": [0, 5, 1, 8], "texture": "#0"},
				"up": {"uv": [1, 4, 2, 5], "texture": "#0"},
				"down": {"uv": [2, 4, 3, 5], "texture": "#0"}
			}
		},
		{
			"from": [12, 9, 6],
			"to": [16, 21, 10],
			"rotation": {"angle": 0, "axis": "y", "origin": [8, -2, 8]},
			"faces": {
				"north": {"uv": [11, 13, 12, 16], "texture": "#0"},
				"east": {"uv": [10, 13, 11, 16], "texture": "#0"},
				"south": {"uv": [9, 13, 10, 16], "texture": "#0"},
				"west": {"uv": [8, 13, 9, 16], "texture": "#0"},
				"up": {"uv": [11, 4, 12, 5], "rotation": 270, "texture": "#0"},
				"down": {"uv": [12, 4, 13, 5], "rotation": 90, "texture": "#0"}
			}
		},
		{
			"from": [4, 9, 6],
			"to": [12, 21, 10],
			"rotation": {"angle": 0, "axis": "y", "origin": [8, -2, 8]},
			"faces": {
				"north": {"uv": [8, 5, 10, 8], "texture": "#0"},
				"east": {"uv": [7, 5, 8, 8], "texture": "#0"},
				"south": {"uv": [5, 5, 7, 8], "texture": "#0"},
				"west": {"uv": [4, 5, 5, 8], "texture": "#0"},
				"up": {"uv": [5, 4, 7, 5], "texture": "#0"},
				"down": {"uv": [7, 5, 9, 4], "texture": "#0"}
			}
		},
		{
			"from": [4, 21, 4],
			"to": [12, 29, 12],
			"rotation": {"angle": 0, "axis": "y", "origin": [8, -2, 8]},
			"faces": {
				"north": {"uv": [6, 2, 8, 4], "texture": "#0"},
				"east": {"uv": [4, 2, 6, 4], "texture": "#0"},
				"south": {"uv": [2, 2, 4, 4], "texture": "#0"},
				"west": {"uv": [2, 4, 0, 2], "rotation": 180, "texture": "#0"},
				"up": {"uv": [2, 0, 4, 2], "texture": "#0"},
				"down": {"uv": [4, 2, 6, 0], "texture": "#0"}
			}
		},
		{
			"from": [3.75, 21, 4],
			"to": [12.25, 29.5, 12.5],
			"rotation": {"angle": 0, "axis": "y", "origin": [8, -2, 8]},
			"faces": {
				"north": {"uv": [14, 2, 16, 4], "texture": "#0"},
				"east": {"uv": [12, 2, 14, 4], "texture": "#0"},
				"south": {"uv": [10, 2, 12, 4], "texture": "#0"},
				"west": {"uv": [8, 2, 10, 4], "texture": "#0"},
				"up": {"uv": [10, 0, 12, 2], "texture": "#0"},
				"down": {"uv": [12, 2, 14, 0], "texture": "#0"}
			}
		}
	],
	"display": {
		"thirdperson_righthand": {
			"rotation": [-90, 0, 180],
			"translation": [0.25, -0.75, 11.5],
			"scale": [0.3, 0.3, 0.3]
		},
		"thirdperson_lefthand": {
			"rotation": [-90, 0, 180],
			"translation": [0.25, -0.75, 11.5],
			"scale": [0.3, 0.3, 0.3]
		},
		"firstperson_righthand": {
			"rotation": [0, -45, 0],
			"translation": [2, 0.5, 0.25],
			"scale": [0.3, 0.3, 0.3]
		},
		"firstperson_lefthand": {
			"rotation": [0, -45, 0],
			"translation": [2, 0.5, 0.25],
			"scale": [0.3, 0.3, 0.3]
		},
		"ground": {
			"scale": [0.3, 0.3, 0.3]
		},
		"gui": {
			"translation": [0, -3.5, 0],
			"scale": [0.5, 0.5, 0.5]
		},
		"head": {
			"rotation": [0, 180, 0],
			"translation": [3.75, 6, -5.5],
			"scale": [0.3, 0.3, 0.3]
		},
		"fixed": {
			"rotation": [-90, 0, 0],
			"translation": [0, 0, -36],
			"scale": [4, 4, 4]
		}
	}
}