{
	"credit": "Made with Blockbench",
	"texture_size": [64, 64],
	"textures": {
		"0": "item/foods/burger/bam-burger",
		"1": "item/foods/burger/cheese-burger",
		"2": "item/foods/burger/burger-burger",
		"3": "item/foods/burger/lattece-burger",
		"particle": "item/foods/burger/bam-burger"
	},
	"elements": [
		{
			"name": "lattece",
			"from": [-1, 2, -1],
			"to": [17, 3, 17],
			"faces": {
				"north": {"uv": [4.75, 0, 9.5, 0.25], "texture": "#3"},
				"east": {"uv": [4.75, 0.5, 9.25, 0.75], "texture": "#3"},
				"south": {"uv": [4.75, 0.25, 9.5, 0.5], "texture": "#3"},
				"west": {"uv": [4.75, 0.75, 9.25, 1], "texture": "#3"},
				"up": {"uv": [4.75, 4.5, 0, 0], "texture": "#3"},
				"down": {"uv": [4.75, 4.5, 0, 9], "texture": "#3"}
			}
		},
		{
			"name": "cheese",
			"from": [0, 6, 0],
			"to": [17, 7, 17],
			"faces": {
				"north": {"uv": [0, 0, 4.25, 0.25], "texture": "#1"},
				"east": {"uv": [0, 0, 4.25, 0.25], "texture": "#1"},
				"south": {"uv": [0, 0, 4.25, 0.25], "texture": "#1"},
				"west": {"uv": [0, 0, 4.25, 0.25], "texture": "#1"},
				"up": {"uv": [0, 0, 4.25, 4.25], "texture": "#1"},
				"down": {"uv": [0, 0, 4.25, 4.25], "texture": "#1"}
			}
		},
		{
			"name": "burger",
			"from": [1, 3, 1],
			"to": [15, 6, 15],
			"faces": {
				"north": {"uv": [7.5, 0, 15, 1.5], "texture": "#2"},
				"east": {"uv": [7.5, 3, 14.5, 4.5], "texture": "#2"},
				"south": {"uv": [7.5, 1.5, 15, 3], "texture": "#2"},
				"west": {"uv": [7.5, 4.5, 14.5, 6], "texture": "#2"},
				"up": {"uv": [7.5, 7, 0, 0], "texture": "#2"},
				"down": {"uv": [7.5, 7, 0, 14], "texture": "#2"}
			}
		},
		{
			"name": "bam",
			"from": [2, 11, 2],
			"to": [14, 12, 14],
			"faces": {
				"north": {"uv": [6.5, 0, 13, 0.5], "texture": "#0"},
				"east": {"uv": [6.5, 1, 12.5, 1.5], "texture": "#0"},
				"south": {"uv": [6.5, 0.5, 13, 1], "texture": "#0"},
				"west": {"uv": [6.5, 1.5, 12.5, 2], "texture": "#0"},
				"up": {"uv": [6.5, 6, 0, 0], "texture": "#0"},
				"down": {"uv": [6.5, 6, 0, 12], "texture": "#0"}
			}
		},
		{
			"name": "bam",
			"from": [1, 9, 1],
			"to": [15, 11, 15],
			"faces": {
				"north": {"uv": [0, 0, 3.5, 0.5], "texture": "#0"},
				"east": {"uv": [0, 0, 3.5, 0.5], "texture": "#0"},
				"south": {"uv": [0, 0, 3.5, 0.5], "texture": "#0"},
				"west": {"uv": [0, 0, 3.5, 0.5], "texture": "#0"},
				"up": {"uv": [0, 0, 3.5, 3.5], "texture": "#0"},
				"down": {"uv": [0, 0, 3.5, 3.5], "texture": "#0"}
			}
		},
		{
			"name": "bam",
			"from": [0, 7, 0],
			"to": [16, 9, 16],
			"faces": {
				"north": {"uv": [0, 0, 4, 0.5], "texture": "#0"},
				"east": {"uv": [0, 0, 4, 0.5], "texture": "#0"},
				"south": {"uv": [0, 0, 4, 0.5], "texture": "#0"},
				"west": {"uv": [0, 0, 4, 0.5], "texture": "#0"},
				"up": {"uv": [0, 0, 4, 4], "texture": "#0"},
				"down": {"uv": [0, 0, 4, 4], "texture": "#0"}
			}
		},
		{
			"name": "bam",
			"from": [0, 0, 0],
			"to": [16, 2, 16],
			"faces": {
				"north": {"uv": [4.25, 0, 8.5, 0.5], "texture": "#0"},
				"east": {"uv": [4.25, 1, 8.25, 1.5], "texture": "#0"},
				"south": {"uv": [4.25, 0.5, 8.5, 1], "texture": "#0"},
				"west": {"uv": [4.25, 1.5, 8.25, 2], "texture": "#0"},
				"up": {"uv": [4.25, 4, 0, 0], "texture": "#0"},
				"down": {"uv": [4.25, 4, 0, 8], "texture": "#0"}
			}
		}
	],
	"display": {
		"thirdperson_righthand": {
			"translation": [0, 3, 1.25],
			"scale": [0.4, 0.4, 0.4]
		},
		"thirdperson_lefthand": {
			"translation": [0, 3, 1.25],
			"scale": [0.4, 0.4, 0.4]
		},
		"firstperson_righthand": {
			"translation": [0.25, 3, 1],
			"scale": [0.75, 0.75, 0.75]
		},
		"firstperson_lefthand": {
			"translation": [0.25, 3, 1],
			"scale": [0.75, 0.75, 0.75]
		},
		"ground": {
			"translation": [0, 3, 0],
			"scale": [0.75, 0.75, 0.75]
		},
		"gui": {
			"rotation": [22.5, -45, 0],
			"translation": [0, 1.5, 0],
			"scale": [0.75, 0.75, 0.75]
		},
		"head": {
			"translation": [0, 12.25, 0],
			"scale": [0.75, 0.75, 0.75]
		},
		"fixed": {
			"rotation": [-90, 0, 0],
			"translation": [0, 0, -6],
			"scale": [0.75, 0.75, 0.75]
		}
	},
	"groups": [
		0,
		1,
		2,
		{
			"name": "bams",
			"origin": [8, 8, 8],
			"color": 0,
			"children": [3, 4, 5, 6]
		}
	]
}