{
	"credit": "Made with Blockbench",
	"texture_size": [64, 64],
	"textures": {
		"0": "item/foods/fries/fries-box",
		"1": "item/foods/fries/fries-fries",
		"particle": "item/foods/fries/fries-box"
	},
	"elements": [
		{
			"from": [5, 0, 5],
			"to": [11, 1, 11],
			"faces": {
				"north": {"uv": [8, 0, 11, 0.5], "texture": "#0"},
				"east": {"uv": [8, 0.5, 11, 1], "texture": "#0"},
				"south": {"uv": [8, 1, 11, 1.5], "texture": "#0"},
				"west": {"uv": [8, 1.5, 11, 2], "texture": "#0"},
				"up": {"uv": [3, 3, 0, 0], "texture": "#0"},
				"down": {"uv": [3, 3, 0, 6], "texture": "#0"}
			}
		},
		{
			"from": [5, 1, 5],
			"to": [6, 9, 10],
			"faces": {
				"north": {"uv": [8, 2, 8.5, 5], "texture": "#0"},
				"east": {"uv": [3, 0, 5.5, 3], "texture": "#0"},
				"south": {"uv": [8.5, 2, 9, 5], "texture": "#0"},
				"west": {"uv": [3, 3, 5.5, 6], "texture": "#0"},
				"up": {"uv": [3, 11.5, 2.5, 9], "texture": "#0"},
				"down": {"uv": [3.5, 9, 3, 11.5], "texture": "#0"}
			}
		},
		{
			"from": [5, 1, 10],
			"to": [10, 9, 11],
			"faces": {
				"north": {"uv": [5.5, 0, 8, 3], "texture": "#0"},
				"east": {"uv": [0, 9, 0.5, 12], "texture": "#0"},
				"south": {"uv": [5.5, 3, 8, 6], "texture": "#0"},
				"west": {"uv": [0.5, 9, 1, 12], "texture": "#0"},
				"up": {"uv": [10.5, 5.5, 8, 5], "texture": "#0"},
				"down": {"uv": [10.5, 5.5, 8, 6], "texture": "#0"}
			}
		},
		{
			"from": [6, 1, 5],
			"to": [11, 9, 6],
			"faces": {
				"north": {"uv": [0, 6, 2.5, 9], "texture": "#0"},
				"east": {"uv": [1, 9, 1.5, 12], "texture": "#0"},
				"south": {"uv": [2.5, 6, 5, 9], "texture": "#0"},
				"west": {"uv": [1.5, 9, 2, 12], "texture": "#0"},
				"up": {"uv": [6, 9.5, 3.5, 9], "texture": "#0"},
				"down": {"uv": [8.5, 9, 6, 9.5], "texture": "#0"}
			}
		},
		{
			"from": [10, 1, 6],
			"to": [11, 9, 11],
			"faces": {
				"north": {"uv": [2, 9, 2.5, 12], "texture": "#0"},
				"east": {"uv": [5, 6, 7.5, 9], "texture": "#0"},
				"south": {"uv": [9, 2, 9.5, 5], "texture": "#0"},
				"west": {"uv": [7.5, 6, 10, 9], "texture": "#0"},
				"up": {"uv": [9, 11.5, 8.5, 9], "texture": "#0"},
				"down": {"uv": [9.5, 9, 9, 11.5], "texture": "#0"}
			}
		},
		{
			"from": [9, 1, 9],
			"to": [10, 12, 10],
			"faces": {
				"north": {"uv": [1.25, 3.25, 1.5, 6], "texture": "#1"},
				"east": {"uv": [1.5, 3.25, 1.75, 6], "texture": "#1"},
				"south": {"uv": [1.75, 3.25, 2, 6], "texture": "#1"},
				"west": {"uv": [3.25, 3, 3.5, 5.75], "texture": "#1"},
				"up": {"uv": [2.5, 6.25, 2.25, 6], "texture": "#1"},
				"down": {"uv": [2.75, 6, 2.5, 6.25], "texture": "#1"}
			}
		},
		{
			"from": [8, 1, 9],
			"to": [9, 11, 10],
			"faces": {
				"north": {"uv": [4, 5.5, 4.25, 8], "texture": "#1"},
				"east": {"uv": [4.25, 5.5, 4.5, 8], "texture": "#1"},
				"south": {"uv": [4.5, 5.5, 4.75, 8], "texture": "#1"},
				"west": {"uv": [4.75, 5.5, 5, 8], "texture": "#1"},
				"up": {"uv": [6.25, 2.75, 6, 2.5], "texture": "#1"},
				"down": {"uv": [3, 6, 2.75, 6.25], "texture": "#1"}
			}
		},
		{
			"from": [7, 1, 9],
			"to": [8, 12, 10],
			"faces": {
				"north": {"uv": [3.5, 0, 3.75, 2.75], "texture": "#1"},
				"east": {"uv": [3.5, 2.75, 3.75, 5.5], "texture": "#1"},
				"south": {"uv": [3.75, 0, 4, 2.75], "texture": "#1"},
				"west": {"uv": [3.75, 2.75, 4, 5.5], "texture": "#1"},
				"up": {"uv": [6.25, 3, 6, 2.75], "texture": "#1"},
				"down": {"uv": [3.25, 6, 3, 6.25], "texture": "#1"}
			}
		},
		{
			"from": [6, 1, 9],
			"to": [7, 11, 10],
			"faces": {
				"north": {"uv": [5, 5.5, 5.25, 8], "texture": "#1"},
				"east": {"uv": [5.25, 5.5, 5.5, 8], "texture": "#1"},
				"south": {"uv": [5.5, 5.5, 5.75, 8], "texture": "#1"},
				"west": {"uv": [5.75, 0, 6, 2.5], "texture": "#1"},
				"up": {"uv": [6.25, 3.25, 6, 3], "texture": "#1"},
				"down": {"uv": [6.25, 3.25, 6, 3.5], "texture": "#1"}
			}
		},
		{
			"from": [6, 1, 8],
			"to": [7, 12, 9],
			"faces": {
				"north": {"uv": [4, 0, 4.25, 2.75], "texture": "#1"},
				"east": {"uv": [4, 2.75, 4.25, 5.5], "texture": "#1"},
				"south": {"uv": [4.25, 0, 4.5, 2.75], "texture": "#1"},
				"west": {"uv": [4.25, 2.75, 4.5, 5.5], "texture": "#1"},
				"up": {"uv": [6.25, 3.75, 6, 3.5], "texture": "#1"},
				"down": {"uv": [6.25, 3.75, 6, 4], "texture": "#1"}
			}
		},
		{
			"from": [7, 1, 8],
			"to": [8, 13, 9],
			"faces": {
				"north": {"uv": [2, 0, 2.25, 3], "texture": "#1"},
				"east": {"uv": [2.25, 0, 2.5, 3], "texture": "#1"},
				"south": {"uv": [2.5, 0, 2.75, 3], "texture": "#1"},
				"west": {"uv": [2.75, 0, 3, 3], "texture": "#1"},
				"up": {"uv": [6.25, 4.25, 6, 4], "texture": "#1"},
				"down": {"uv": [6.25, 4.25, 6, 4.5], "texture": "#1"}
			}
		},
		{
			"from": [9, 1, 8],
			"to": [10, 14, 9],
			"faces": {
				"north": {"uv": [0, 0, 0.25, 3.25], "texture": "#1"},
				"east": {"uv": [0.25, 0, 0.5, 3.25], "texture": "#1"},
				"south": {"uv": [0.5, 0, 0.75, 3.25], "texture": "#1"},
				"west": {"uv": [0.75, 0, 1, 3.25], "texture": "#1"},
				"up": {"uv": [6.25, 4.75, 6, 4.5], "texture": "#1"},
				"down": {"uv": [6.25, 4.75, 6, 5], "texture": "#1"}
			}
		},
		{
			"from": [8, 1, 8],
			"to": [9, 10, 9],
			"faces": {
				"north": {"uv": [1.25, 6, 1.5, 8.25], "texture": "#1"},
				"east": {"uv": [1.5, 6, 1.75, 8.25], "texture": "#1"},
				"south": {"uv": [1.75, 6, 2, 8.25], "texture": "#1"},
				"west": {"uv": [2, 6, 2.25, 8.25], "texture": "#1"},
				"up": {"uv": [6.25, 5.25, 6, 5], "texture": "#1"},
				"down": {"uv": [6.25, 5.25, 6, 5.5], "texture": "#1"}
			}
		},
		{
			"from": [9, 1, 6],
			"to": [10, 13, 7],
			"faces": {
				"north": {"uv": [3, 0, 3.25, 3], "texture": "#1"},
				"east": {"uv": [2, 3, 2.25, 6], "texture": "#1"},
				"south": {"uv": [2.25, 3, 2.5, 6], "texture": "#1"},
				"west": {"uv": [2.5, 3, 2.75, 6], "texture": "#1"},
				"up": {"uv": [6.25, 5.75, 6, 5.5], "texture": "#1"},
				"down": {"uv": [6.25, 5.75, 6, 6], "texture": "#1"}
			}
		},
		{
			"from": [8, 1, 6],
			"to": [9, 12, 7],
			"faces": {
				"north": {"uv": [4.5, 0, 4.75, 2.75], "texture": "#1"},
				"east": {"uv": [4.5, 2.75, 4.75, 5.5], "texture": "#1"},
				"south": {"uv": [4.75, 0, 5, 2.75], "texture": "#1"},
				"west": {"uv": [4.75, 2.75, 5, 5.5], "texture": "#1"},
				"up": {"uv": [6.25, 6.25, 6, 6], "texture": "#1"},
				"down": {"uv": [0.25, 6.25, 0, 6.5], "texture": "#1"}
			}
		},
		{
			"from": [7, 1, 6],
			"to": [8, 12, 7],
			"faces": {
				"north": {"uv": [5, 0, 5.25, 2.75], "texture": "#1"},
				"east": {"uv": [5, 2.75, 5.25, 5.5], "texture": "#1"},
				"south": {"uv": [5.25, 0, 5.5, 2.75], "texture": "#1"},
				"west": {"uv": [5.25, 2.75, 5.5, 5.5], "texture": "#1"},
				"up": {"uv": [6.5, 0.25, 6.25, 0], "texture": "#1"},
				"down": {"uv": [0.5, 6.25, 0.25, 6.5], "texture": "#1"}
			}
		},
		{
			"from": [6, 1, 6],
			"to": [7, 13, 7],
			"faces": {
				"north": {"uv": [2.75, 3, 3, 6], "texture": "#1"},
				"east": {"uv": [3, 3, 3.25, 6], "texture": "#1"},
				"south": {"uv": [0, 3.25, 0.25, 6.25], "texture": "#1"},
				"west": {"uv": [3.25, 0, 3.5, 3], "texture": "#1"},
				"up": {"uv": [6.5, 0.5, 6.25, 0.25], "texture": "#1"},
				"down": {"uv": [0.75, 6.25, 0.5, 6.5], "texture": "#1"}
			}
		},
		{
			"from": [9, 1, 7],
			"to": [10, 12, 8],
			"faces": {
				"north": {"uv": [5.5, 0, 5.75, 2.75], "texture": "#1"},
				"east": {"uv": [5.5, 2.75, 5.75, 5.5], "texture": "#1"},
				"south": {"uv": [3.5, 5.5, 3.75, 8.25], "texture": "#1"},
				"west": {"uv": [3.75, 5.5, 4, 8.25], "texture": "#1"},
				"up": {"uv": [6.5, 0.75, 6.25, 0.5], "texture": "#1"},
				"down": {"uv": [1, 6.25, 0.75, 6.5], "texture": "#1"}
			}
		},
		{
			"from": [8, 1, 7],
			"to": [9, 13, 8],
			"faces": {
				"north": {"uv": [0.25, 3.25, 0.5, 6.25], "texture": "#1"},
				"east": {"uv": [0.5, 3.25, 0.75, 6.25], "texture": "#1"},
				"south": {"uv": [0.75, 3.25, 1, 6.25], "texture": "#1"},
				"west": {"uv": [1, 3.25, 1.25, 6.25], "texture": "#1"},
				"up": {"uv": [6.5, 1, 6.25, 0.75], "texture": "#1"},
				"down": {"uv": [1.25, 6.25, 1, 6.5], "texture": "#1"}
			}
		},
		{
			"from": [7, 1, 7],
			"to": [8, 14, 8],
			"faces": {
				"north": {"uv": [1, 0, 1.25, 3.25], "texture": "#1"},
				"east": {"uv": [1.25, 0, 1.5, 3.25], "texture": "#1"},
				"south": {"uv": [1.5, 0, 1.75, 3.25], "texture": "#1"},
				"west": {"uv": [1.75, 0, 2, 3.25], "texture": "#1"},
				"up": {"uv": [6.5, 1.25, 6.25, 1], "texture": "#1"},
				"down": {"uv": [6.5, 1.25, 6.25, 1.5], "texture": "#1"}
			}
		},
		{
			"from": [6, 1, 7],
			"to": [7, 11, 8],
			"faces": {
				"north": {"uv": [5.75, 2.5, 6, 5], "texture": "#1"},
				"east": {"uv": [3.25, 5.75, 3.5, 8.25], "texture": "#1"},
				"south": {"uv": [5.75, 5, 6, 7.5], "texture": "#1"},
				"west": {"uv": [6, 0, 6.25, 2.5], "texture": "#1"},
				"up": {"uv": [6.5, 1.75, 6.25, 1.5], "texture": "#1"},
				"down": {"uv": [6.5, 1.75, 6.25, 2], "texture": "#1"}
			}
		}
	],
	"display": {
		"thirdperson_righthand": {
			"translation": [0, 0, -1.5],
			"scale": [0.5, 0.5, 0.5]
		},
		"thirdperson_lefthand": {
			"translation": [0, 0, -1.5],
			"scale": [0.5, 0.5, 0.5]
		},
		"firstperson_righthand": {
			"translation": [3.25, 2.25, -0.25],
			"scale": [0.5, 0.5, 0.5]
		},
		"firstperson_lefthand": {
			"translation": [3.25, 2.25, -0.25],
			"scale": [0.5, 0.5, 0.5]
		},
		"ground": {
			"translation": [0, 1.25, 0],
			"scale": [0.5, 0.5, 0.5]
		},
		"gui": {
			"rotation": [45, -45, 0],
			"translation": [0, 1.5, 0],
			"scale": [0.5, 0.5, 0.5]
		},
		"head": {
			"rotation": [45, 0, 0],
			"translation": [0, -8, -7.25],
			"scale": [0.5, 0.5, 0.5]
		},
		"fixed": {
			"rotation": [-90, 0, 0],
			"translation": [0, 0, -4],
			"scale": [0.5, 0.5, 0.5]
		}
	},
	"groups": [
		{
			"name": "fries-box",
			"origin": [0, 0, 0],
			"color": 0,
			"children": [0, 1, 2, 3, 4]
		},
		{
			"name": "fries",
			"origin": [0, 0, 0],
			"color": 0,
			"children": [5, 6, 7, 8, 9, 10, 11, 12, 13, 14, 15, 16, 17, 18, 19, 20]
		}
	]
}