{
	"credit": "Made with Blockbench",
	"textures": {
		"0": "item/guns/double-barrel-shotgun/double-barrel-shotgun-barrel-a",
		"1": "item/guns/double-barrel-shotgun/double-barrel-shotgun-barrel-b",
		"2": "item/guns/double-barrel-shotgun/double-barrel-shotgun-handle",
		"3": "item/guns/double-barrel-shotgun/double-barrel-shotgun-reload-thing",
		"particle": "item/guns/double-barrel-shotgun/double-barrel-shotgun-barrel-a"
	},
	"elements": [
		{
			"name": "handle",
			"from": [7, 0, 0],
			"to": [9, 5, 2],
			"rotation": {"angle": 22.5, "axis": "x", "origin": [0, 0, 0]},
			"faces": {
				"north": {"uv": [0, 0, 2, 5], "texture": "#2"},
				"east": {"uv": [2, 0, 4, 5], "texture": "#2"},
				"south": {"uv": [4, 0, 6, 5], "texture": "#2"},
				"west": {"uv": [0, 5, 2, 10], "texture": "#2"},
				"up": {"uv": [4, 7, 2, 5], "texture": "#2"},
				"down": {"uv": [6, 5, 4, 7], "texture": "#2"}
			}
		},
		{
			"from": [6.1, 4, 4.5],
			"to": [7.9, 4.4, 11.5],
			"rotation": {"angle": 0, "axis": "y", "origin": [6.9, 3.4, 2.5]},
			"faces": {
				"north": {"uv": [5.5, 1.5, 6.5, 2], "texture": "#1"},
				"east": {"uv": [4, 4, 7.5, 4.5], "texture": "#1"},
				"south": {"uv": [6.5, 1.5, 7.5, 2], "texture": "#1"},
				"west": {"uv": [4, 4.5, 7.5, 5], "texture": "#1"},
				"up": {"uv": [1, 3.5, 0, 0], "texture": "#1"},
				"down": {"uv": [2, 0, 1, 3.5], "texture": "#1"}
			}
		},
		{
			"from": [6.1, 2.6, 4.5],
			"to": [6.5, 4.4, 11.5],
			"rotation": {"angle": 0, "axis": "y", "origin": [6.9, 3.4, 2.5]},
			"faces": {
				"north": {"uv": [3, 6.5, 3.5, 7.5], "texture": "#1"},
				"east": {"uv": [2, 0, 5.5, 1], "texture": "#1"},
				"south": {"uv": [5.5, 6.5, 6, 7.5], "texture": "#1"},
				"west": {"uv": [2, 1, 5.5, 2], "texture": "#1"},
				"up": {"uv": [0.5, 7, 0, 3.5], "texture": "#1"},
				"down": {"uv": [1, 3.5, 0.5, 7], "texture": "#1"}
			}
		},
		{
			"from": [6.1, 2.6, 4.5],
			"to": [7.9, 3, 11.5],
			"rotation": {"angle": 0, "axis": "y", "origin": [6.9, 3.4, 2.5]},
			"faces": {
				"north": {"uv": [6.5, 5.5, 7.5, 6], "texture": "#1"},
				"east": {"uv": [4, 5, 7.5, 5.5], "texture": "#1"},
				"south": {"uv": [6, 6.5, 7, 7], "texture": "#1"},
				"west": {"uv": [5.5, 0, 9, 0.5], "texture": "#1"},
				"up": {"uv": [3, 5.5, 2, 2], "texture": "#1"},
				"down": {"uv": [4, 2, 3, 5.5], "texture": "#1"}
			}
		},
		{
			"from": [7.5, 2.6, 4.5],
			"to": [7.9, 4.4, 11.5],
			"rotation": {"angle": 0, "axis": "y", "origin": [6.9, 3.4, 2.5]},
			"faces": {
				"north": {"uv": [0, 7, 0.5, 8], "texture": "#1"},
				"east": {"uv": [4, 2, 7.5, 3], "texture": "#1"},
				"south": {"uv": [0.5, 7, 1, 8], "texture": "#1"},
				"west": {"uv": [4, 3, 7.5, 4], "texture": "#1"},
				"up": {"uv": [1.5, 7, 1, 3.5], "texture": "#1"},
				"down": {"uv": [2, 3.5, 1.5, 7], "texture": "#1"}
			}
		},
		{
			"from": [6.1, 2.6, 1.5],
			"to": [7.9, 4.4, 4.5],
			"rotation": {"angle": 0, "axis": "y", "origin": [6.9, 3.4, 2.5]},
			"faces": {
				"north": {"uv": [5.5, 5.5, 6.5, 6.5], "texture": "#1"},
				"east": {"uv": [5.5, 0.5, 7, 1.5], "texture": "#1"},
				"south": {"uv": [2, 6.5, 3, 7.5], "texture": "#1"},
				"west": {"uv": [2, 5.5, 3.5, 6.5], "texture": "#1"},
				"up": {"uv": [4.5, 7, 3.5, 5.5], "texture": "#1"},
				"down": {"uv": [5.5, 5.5, 4.5, 7], "texture": "#1"}
			}
		},
		{
			"from": [9.5, 2.6, 4.5],
			"to": [9.9, 4.4, 11.5],
			"rotation": {"angle": 0, "axis": "y", "origin": [6.9, 3.4, 2.5]},
			"faces": {
				"north": {"uv": [1.5, 6.5, 2, 7.5], "texture": "#0"},
				"east": {"uv": [0, 0, 3.5, 1], "texture": "#0"},
				"south": {"uv": [6.5, 3, 7, 4], "texture": "#0"},
				"west": {"uv": [0, 1, 3.5, 2], "texture": "#0"},
				"up": {"uv": [4.5, 7.5, 4, 4], "texture": "#0"},
				"down": {"uv": [5, 4, 4.5, 7.5], "texture": "#0"}
			}
		},
		{
			"from": [8.1, 4, 4.5],
			"to": [9.9, 4.4, 11.5],
			"rotation": {"angle": 0, "axis": "y", "origin": [6.9, 3.4, 2.5]},
			"faces": {
				"north": {"uv": [6.5, 4, 7.5, 4.5], "texture": "#0"},
				"east": {"uv": [3.5, 0, 7, 0.5], "texture": "#0"},
				"south": {"uv": [6.5, 4.5, 7.5, 5], "texture": "#0"},
				"west": {"uv": [3.5, 0.5, 7, 1], "texture": "#0"},
				"up": {"uv": [1, 5.5, 0, 2], "texture": "#0"},
				"down": {"uv": [2, 2, 1, 5.5], "texture": "#0"}
			}
		},
		{
			"from": [8.1, 2.6, 4.5],
			"to": [8.5, 4.4, 11.5],
			"rotation": {"angle": 0, "axis": "y", "origin": [6.9, 3.4, 2.5]},
			"faces": {
				"north": {"uv": [6.5, 5, 7, 6], "texture": "#0"},
				"east": {"uv": [2, 2, 5.5, 3], "texture": "#0"},
				"south": {"uv": [6.5, 6, 7, 7], "texture": "#0"},
				"west": {"uv": [2, 3, 5.5, 4], "texture": "#0"},
				"up": {"uv": [5.5, 7.5, 5, 4], "texture": "#0"},
				"down": {"uv": [0.5, 5.5, 0, 9], "texture": "#0"}
			}
		},
		{
			"from": [8.1, 2.6, 4.5],
			"to": [9.9, 3, 11.5],
			"rotation": {"angle": 0, "axis": "y", "origin": [6.9, 3.4, 2.5]},
			"faces": {
				"north": {"uv": [7, 0, 8, 0.5], "texture": "#0"},
				"east": {"uv": [3.5, 1, 7, 1.5], "texture": "#0"},
				"south": {"uv": [7, 0.5, 8, 1], "texture": "#0"},
				"west": {"uv": [3.5, 1.5, 7, 2], "texture": "#0"},
				"up": {"uv": [3, 7.5, 2, 4], "texture": "#0"},
				"down": {"uv": [4, 4, 3, 7.5], "texture": "#0"}
			}
		},
		{
			"from": [8.1, 2.6, 1.5],
			"to": [9.9, 4.4, 4.5],
			"rotation": {"angle": 0, "axis": "y", "origin": [6.9, 3.4, 2.5]},
			"faces": {
				"north": {"uv": [5.5, 6, 6.5, 7], "texture": "#0"},
				"east": {"uv": [0.5, 5.5, 2, 6.5], "texture": "#0"},
				"south": {"uv": [0.5, 6.5, 1.5, 7.5], "texture": "#0"},
				"west": {"uv": [5.5, 2, 7, 3], "texture": "#0"},
				"up": {"uv": [6.5, 4.5, 5.5, 3], "texture": "#0"},
				"down": {"uv": [6.5, 4.5, 5.5, 6], "texture": "#0"}
			}
		},
		{
			"name": "reload thing",
			"from": [6.5, 1.6, 1.5],
			"to": [9.5, 2.6, 7.5],
			"faces": {
				"north": {"uv": [6, 1, 9, 2], "texture": "#3"},
				"east": {"uv": [0, 6, 6, 7], "texture": "#3"},
				"south": {"uv": [6, 2, 9, 3], "texture": "#3"},
				"west": {"uv": [6, 0, 12, 1], "texture": "#3"},
				"up": {"uv": [3, 6, 0, 0], "texture": "#3"},
				"down": {"uv": [6, 0, 3, 6], "texture": "#3"}
			}
		}
	],
	"display": {
		"thirdperson_righthand": {
			"rotation": [-139.5, -0.96, 180],
			"translation": [0, 13.75, 0.25],
			"scale": [1.5, 1.5, 1.5]
		},
		"thirdperson_lefthand": {
			"rotation": [-139.5, -0.96, 180],
			"translation": [0, 13.75, 0.25],
			"scale": [1.5, 1.5, 1.5]
		},
		"firstperson_righthand": {
			"rotation": [-180, 0, -180],
			"translation": [0, 8.25, 0]
		},
		"firstperson_lefthand": {
			"rotation": [-180, 0, -180],
			"translation": [0, 8.25, 0]
		},
		"ground": {
			"translation": [0, 4, 0]
		},
		"gui": {
			"rotation": [-90, -45, -90],
			"translation": [4.5, 11, 0],
			"scale": [2, 2, 2]
		},
		"head": {
			"rotation": [180, 0, 180],
			"translation": [0, -17.75, -27.5],
			"scale": [1.5, 1.5, 4]
		},
		"fixed": {
			"rotation": [-90, -45, -90],
			"translation": [5, 14.25, 0],
			"scale": [2.5, 2.5, 2.5]
		}
	},
	"groups": [
		0,
		{
			"name": "barrel B",
			"origin": [6.9, 3.4, 2.5],
			"color": 0,
			"children": [1, 2, 3, 4, 5]
		},
		{
			"name": "barrel A",
			"origin": [6.9, 3.4, 2.5],
			"color": 0,
			"children": [6, 7, 8, 9, 10]
		},
		11
	]
}