{
	"credit": "Made with Blockbench",
	"texture_size": [64, 64],
	"textures": {
		"0": "item/weapons/showarma-sword/showarma-handle",
		"1": "item/weapons/showarma-sword/showarma-blade",
		"particle": "item/weapons/showarma-sword/showarma-handle"
	},
	"elements": [
		{
			"from": [26, 2, 7],
			"to": [28, 4, 9],
			"faces": {
				"north": {"uv": [0, 0, 1, 1], "texture": "#0"},
				"east": {"uv": [0, 1, 1, 2], "texture": "#0"},
				"south": {"uv": [1, 0, 2, 1], "texture": "#0"},
				"west": {"uv": [1, 1, 2, 2], "texture": "#0"},
				"up": {"uv": [1, 3, 0, 2], "texture": "#0"},
				"down": {"uv": [3, 0, 2, 1], "texture": "#0"}
			}
		},
		{
			"from": [26, -16, 7],
			"to": [28, -14, 9],
			"faces": {
				"north": {"uv": [1, 2, 2, 3], "texture": "#0"},
				"east": {"uv": [2, 1, 3, 2], "texture": "#0"},
				"south": {"uv": [2, 2, 3, 3], "texture": "#0"},
				"west": {"uv": [0, 3, 1, 4], "texture": "#0"},
				"up": {"uv": [4, 1, 3, 0], "texture": "#0"},
				"down": {"uv": [2, 3, 1, 4], "texture": "#0"}
			}
		},
		{
			"from": [28, -16, 7],
			"to": [30, -14, 9],
			"faces": {
				"north": {"uv": [3, 1, 4, 2], "texture": "#0"},
				"east": {"uv": [2, 3, 3, 4], "texture": "#0"},
				"south": {"uv": [3, 2, 4, 3], "texture": "#0"},
				"west": {"uv": [3, 3, 4, 4], "texture": "#0"},
				"up": {"uv": [1, 5, 0, 4], "texture": "#0"},
				"down": {"uv": [5, 0, 4, 1], "texture": "#0"}
			}
		},
		{
			"from": [30, -16, 7],
			"to": [32, -14, 9],
			"faces": {
				"north": {"uv": [1, 4, 2, 5], "texture": "#0"},
				"east": {"uv": [4, 1, 5, 2], "texture": "#0"},
				"south": {"uv": [2, 4, 3, 5], "texture": "#0"},
				"west": {"uv": [4, 2, 5, 3], "texture": "#0"},
				"up": {"uv": [4, 5, 3, 4], "texture": "#0"},
				"down": {"uv": [5, 3, 4, 4], "texture": "#0"}
			}
		},
		{
			"from": [26, -14, 7],
			"to": [28, -12, 9],
			"faces": {
				"north": {"uv": [4, 4, 5, 5], "texture": "#0"},
				"east": {"uv": [0, 5, 1, 6], "texture": "#0"},
				"south": {"uv": [5, 0, 6, 1], "texture": "#0"},
				"west": {"uv": [1, 5, 2, 6], "texture": "#0"},
				"up": {"uv": [6, 2, 5, 1], "texture": "#0"},
				"down": {"uv": [3, 5, 2, 6], "texture": "#0"}
			}
		},
		{
			"from": [28, -14, 7],
			"to": [30, -12, 9],
			"faces": {
				"north": {"uv": [5, 2, 6, 3], "texture": "#0"},
				"east": {"uv": [3, 5, 4, 6], "texture": "#0"},
				"south": {"uv": [5, 3, 6, 4], "texture": "#0"},
				"west": {"uv": [4, 5, 5, 6], "texture": "#0"},
				"up": {"uv": [6, 5, 5, 4], "texture": "#0"},
				"down": {"uv": [6, 5, 5, 6], "texture": "#0"}
			}
		},
		{
			"from": [30, -14, 7],
			"to": [32, -12, 9],
			"faces": {
				"north": {"uv": [0, 6, 1, 7], "texture": "#0"},
				"east": {"uv": [6, 0, 7, 1], "texture": "#0"},
				"south": {"uv": [1, 6, 2, 7], "texture": "#0"},
				"west": {"uv": [6, 1, 7, 2], "texture": "#0"},
				"up": {"uv": [3, 7, 2, 6], "texture": "#0"},
				"down": {"uv": [7, 2, 6, 3], "texture": "#0"}
			}
		},
		{
			"from": [26, -12, 7],
			"to": [28, -10, 9],
			"faces": {
				"north": {"uv": [3, 6, 4, 7], "texture": "#0"},
				"east": {"uv": [6, 3, 7, 4], "texture": "#0"},
				"south": {"uv": [4, 6, 5, 7], "texture": "#0"},
				"west": {"uv": [6, 4, 7, 5], "texture": "#0"},
				"up": {"uv": [6, 7, 5, 6], "texture": "#0"},
				"down": {"uv": [7, 5, 6, 6], "texture": "#0"}
			}
		},
		{
			"from": [28, -12, 7],
			"to": [30, -10, 9],
			"faces": {
				"north": {"uv": [6, 6, 7, 7], "texture": "#0"},
				"east": {"uv": [0, 7, 1, 8], "texture": "#0"},
				"south": {"uv": [7, 0, 8, 1], "texture": "#0"},
				"west": {"uv": [1, 7, 2, 8], "texture": "#0"},
				"up": {"uv": [8, 2, 7, 1], "texture": "#0"},
				"down": {"uv": [3, 7, 2, 8], "texture": "#0"}
			}
		},
		{
			"from": [30, -12, 7],
			"to": [32, -10, 9],
			"faces": {
				"north": {"uv": [7, 2, 8, 3], "texture": "#0"},
				"east": {"uv": [3, 7, 4, 8], "texture": "#0"},
				"south": {"uv": [7, 3, 8, 4], "texture": "#0"},
				"west": {"uv": [4, 7, 5, 8], "texture": "#0"},
				"up": {"uv": [8, 5, 7, 4], "texture": "#0"},
				"down": {"uv": [6, 7, 5, 8], "texture": "#0"}
			}
		},
		{
			"from": [24, -12, 7],
			"to": [26, -10, 9],
			"faces": {
				"north": {"uv": [7, 5, 8, 6], "texture": "#0"},
				"east": {"uv": [6, 7, 7, 8], "texture": "#0"},
				"south": {"uv": [7, 6, 8, 7], "texture": "#0"},
				"west": {"uv": [7, 7, 8, 8], "texture": "#0"},
				"up": {"uv": [1, 9, 0, 8], "texture": "#0"},
				"down": {"uv": [9, 0, 8, 1], "texture": "#0"}
			}
		},
		{
			"from": [24, -10, 7],
			"to": [26, -8, 9],
			"faces": {
				"north": {"uv": [1, 8, 2, 9], "texture": "#0"},
				"east": {"uv": [8, 1, 9, 2], "texture": "#0"},
				"south": {"uv": [2, 8, 3, 9], "texture": "#0"},
				"west": {"uv": [8, 2, 9, 3], "texture": "#0"},
				"up": {"uv": [4, 9, 3, 8], "texture": "#0"},
				"down": {"uv": [9, 3, 8, 4], "texture": "#0"}
			}
		},
		{
			"from": [22, -10, 7],
			"to": [24, -8, 9],
			"faces": {
				"north": {"uv": [4, 8, 5, 9], "texture": "#0"},
				"east": {"uv": [8, 4, 9, 5], "texture": "#0"},
				"south": {"uv": [5, 8, 6, 9], "texture": "#0"},
				"west": {"uv": [8, 5, 9, 6], "texture": "#0"},
				"up": {"uv": [7, 9, 6, 8], "texture": "#0"},
				"down": {"uv": [9, 6, 8, 7], "texture": "#0"}
			}
		},
		{
			"from": [26, -10, 7],
			"to": [28, -8, 9],
			"faces": {
				"north": {"uv": [7, 8, 8, 9], "texture": "#0"},
				"east": {"uv": [8, 7, 9, 8], "texture": "#0"},
				"south": {"uv": [8, 8, 9, 9], "texture": "#0"},
				"west": {"uv": [0, 9, 1, 10], "texture": "#0"},
				"up": {"uv": [10, 1, 9, 0], "texture": "#0"},
				"down": {"uv": [2, 9, 1, 10], "texture": "#0"}
			}
		},
		{
			"from": [24, -8, 7],
			"to": [26, -6, 9],
			"faces": {
				"north": {"uv": [9, 1, 10, 2], "texture": "#0"},
				"east": {"uv": [2, 9, 3, 10], "texture": "#0"},
				"south": {"uv": [9, 2, 10, 3], "texture": "#0"},
				"west": {"uv": [3, 9, 4, 10], "texture": "#0"},
				"up": {"uv": [10, 4, 9, 3], "texture": "#0"},
				"down": {"uv": [5, 9, 4, 10], "texture": "#0"}
			}
		},
		{
			"from": [22, -8, 7],
			"to": [24, -6, 9],
			"faces": {
				"north": {"uv": [9, 4, 10, 5], "texture": "#0"},
				"east": {"uv": [5, 9, 6, 10], "texture": "#0"},
				"south": {"uv": [9, 5, 10, 6], "texture": "#0"},
				"west": {"uv": [6, 9, 7, 10], "texture": "#0"},
				"up": {"uv": [10, 7, 9, 6], "texture": "#0"},
				"down": {"uv": [8, 9, 7, 10], "texture": "#0"}
			}
		},
		{
			"from": [22, -6, 7],
			"to": [24, -4, 9],
			"faces": {
				"north": {"uv": [9, 7, 10, 8], "texture": "#0"},
				"east": {"uv": [8, 9, 9, 10], "texture": "#0"},
				"south": {"uv": [9, 8, 10, 9], "texture": "#0"},
				"west": {"uv": [9, 9, 10, 10], "texture": "#0"},
				"up": {"uv": [1, 11, 0, 10], "texture": "#0"},
				"down": {"uv": [11, 0, 10, 1], "texture": "#0"}
			}
		},
		{
			"from": [20, -8, 7],
			"to": [22, -6, 9],
			"faces": {
				"north": {"uv": [1, 10, 2, 11], "texture": "#0"},
				"east": {"uv": [10, 1, 11, 2], "texture": "#0"},
				"south": {"uv": [2, 10, 3, 11], "texture": "#0"},
				"west": {"uv": [10, 2, 11, 3], "texture": "#0"},
				"up": {"uv": [4, 11, 3, 10], "texture": "#0"},
				"down": {"uv": [11, 3, 10, 4], "texture": "#0"}
			}
		},
		{
			"from": [18, -10, 7],
			"to": [20, -8, 9],
			"faces": {
				"north": {"uv": [4, 10, 5, 11], "texture": "#0"},
				"east": {"uv": [10, 4, 11, 5], "texture": "#0"},
				"south": {"uv": [5, 10, 6, 11], "texture": "#0"},
				"west": {"uv": [10, 5, 11, 6], "texture": "#0"},
				"up": {"uv": [7, 11, 6, 10], "texture": "#0"},
				"down": {"uv": [11, 6, 10, 7], "texture": "#0"}
			}
		},
		{
			"from": [16, -10, 7],
			"to": [18, -8, 9],
			"faces": {
				"north": {"uv": [7, 10, 8, 11], "texture": "#0"},
				"east": {"uv": [10, 7, 11, 8], "texture": "#0"},
				"south": {"uv": [8, 10, 9, 11], "texture": "#0"},
				"west": {"uv": [10, 8, 11, 9], "texture": "#0"},
				"up": {"uv": [10, 11, 9, 10], "texture": "#0"},
				"down": {"uv": [11, 9, 10, 10], "texture": "#0"}
			}
		},
		{
			"from": [14, -12, 7],
			"to": [16, -10, 9],
			"faces": {
				"north": {"uv": [10, 10, 11, 11], "texture": "#0"},
				"east": {"uv": [0, 11, 1, 12], "texture": "#0"},
				"south": {"uv": [11, 0, 12, 1], "texture": "#0"},
				"west": {"uv": [1, 11, 2, 12], "texture": "#0"},
				"up": {"uv": [12, 2, 11, 1], "texture": "#0"},
				"down": {"uv": [3, 11, 2, 12], "texture": "#0"}
			}
		},
		{
			"from": [12, -12, 7],
			"to": [14, -10, 9],
			"faces": {
				"north": {"uv": [11, 2, 12, 3], "texture": "#0"},
				"east": {"uv": [3, 11, 4, 12], "texture": "#0"},
				"south": {"uv": [11, 3, 12, 4], "texture": "#0"},
				"west": {"uv": [4, 11, 5, 12], "texture": "#0"},
				"up": {"uv": [12, 5, 11, 4], "texture": "#0"},
				"down": {"uv": [6, 11, 5, 12], "texture": "#0"}
			}
		},
		{
			"from": [12, -10, 7],
			"to": [14, -8, 9],
			"faces": {
				"north": {"uv": [11, 5, 12, 6], "texture": "#0"},
				"east": {"uv": [6, 11, 7, 12], "texture": "#0"},
				"south": {"uv": [11, 6, 12, 7], "texture": "#0"},
				"west": {"uv": [7, 11, 8, 12], "texture": "#0"},
				"up": {"uv": [12, 8, 11, 7], "texture": "#0"},
				"down": {"uv": [9, 11, 8, 12], "texture": "#0"}
			}
		},
		{
			"from": [14, -8, 7],
			"to": [16, -6, 9],
			"faces": {
				"north": {"uv": [11, 8, 12, 9], "texture": "#0"},
				"east": {"uv": [9, 11, 10, 12], "texture": "#0"},
				"south": {"uv": [11, 9, 12, 10], "texture": "#0"},
				"west": {"uv": [10, 11, 11, 12], "texture": "#0"},
				"up": {"uv": [12, 11, 11, 10], "texture": "#0"},
				"down": {"uv": [12, 11, 11, 12], "texture": "#0"}
			}
		},
		{
			"from": [24, -2, 7],
			"to": [26, 0, 9],
			"faces": {
				"north": {"uv": [0, 12, 1, 13], "texture": "#0"},
				"east": {"uv": [12, 0, 13, 1], "texture": "#0"},
				"south": {"uv": [1, 12, 2, 13], "texture": "#0"},
				"west": {"uv": [12, 1, 13, 2], "texture": "#0"},
				"up": {"uv": [3, 13, 2, 12], "texture": "#0"},
				"down": {"uv": [13, 2, 12, 3], "texture": "#0"}
			}
		},
		{
			"from": [24, -4, 7],
			"to": [26, -2, 9],
			"faces": {
				"north": {"uv": [3, 12, 4, 13], "texture": "#0"},
				"east": {"uv": [12, 3, 13, 4], "texture": "#0"},
				"south": {"uv": [4, 12, 5, 13], "texture": "#0"},
				"west": {"uv": [12, 4, 13, 5], "texture": "#0"},
				"up": {"uv": [6, 13, 5, 12], "texture": "#0"},
				"down": {"uv": [13, 5, 12, 6], "texture": "#0"}
			}
		},
		{
			"from": [26, 0, 7],
			"to": [28, 2, 9],
			"faces": {
				"north": {"uv": [6, 12, 7, 13], "texture": "#0"},
				"east": {"uv": [12, 6, 13, 7], "texture": "#0"},
				"south": {"uv": [7, 12, 8, 13], "texture": "#0"},
				"west": {"uv": [12, 7, 13, 8], "texture": "#0"},
				"up": {"uv": [9, 13, 8, 12], "texture": "#0"},
				"down": {"uv": [13, 8, 12, 9], "texture": "#0"}
			}
		},
		{
			"from": [24, 2, 7],
			"to": [26, 4, 9],
			"faces": {
				"north": {"uv": [9, 12, 10, 13], "texture": "#0"},
				"east": {"uv": [12, 9, 13, 10], "texture": "#0"},
				"south": {"uv": [10, 12, 11, 13], "texture": "#0"},
				"west": {"uv": [12, 10, 13, 11], "texture": "#0"},
				"up": {"uv": [12, 13, 11, 12], "texture": "#0"},
				"down": {"uv": [13, 11, 12, 12], "texture": "#0"}
			}
		},
		{
			"from": [22, 0, 7],
			"to": [24, 2, 9],
			"faces": {
				"north": {"uv": [13, 2, 14, 3], "texture": "#0"},
				"east": {"uv": [3, 13, 4, 14], "texture": "#0"},
				"south": {"uv": [13, 3, 14, 4], "texture": "#0"},
				"west": {"uv": [4, 13, 5, 14], "texture": "#0"},
				"up": {"uv": [14, 5, 13, 4], "texture": "#0"},
				"down": {"uv": [6, 13, 5, 14], "texture": "#0"}
			}
		},
		{
			"from": [16, -8, 7],
			"to": [18, -6, 9],
			"faces": {
				"north": {"uv": [13, 5, 14, 6], "texture": "#0"},
				"east": {"uv": [6, 13, 7, 14], "texture": "#0"},
				"south": {"uv": [13, 6, 14, 7], "texture": "#0"},
				"west": {"uv": [7, 13, 8, 14], "texture": "#0"},
				"up": {"uv": [14, 8, 13, 7], "texture": "#0"},
				"down": {"uv": [9, 13, 8, 14], "texture": "#0"}
			}
		},
		{
			"from": [22, -2, 7],
			"to": [24, 0, 9],
			"faces": {
				"north": {"uv": [13, 8, 14, 9], "texture": "#0"},
				"east": {"uv": [9, 13, 10, 14], "texture": "#0"},
				"south": {"uv": [13, 9, 14, 10], "texture": "#0"},
				"west": {"uv": [10, 13, 11, 14], "texture": "#0"},
				"up": {"uv": [14, 11, 13, 10], "texture": "#0"},
				"down": {"uv": [12, 13, 11, 14], "texture": "#0"}
			}
		},
		{
			"from": [24, 0, 7],
			"to": [26, 2, 9],
			"faces": {
				"north": {"uv": [1, 14, 2, 15], "texture": "#0"},
				"east": {"uv": [14, 1, 15, 2], "texture": "#0"},
				"south": {"uv": [2, 14, 3, 15], "texture": "#0"},
				"west": {"uv": [14, 2, 15, 3], "texture": "#0"},
				"up": {"uv": [4, 15, 3, 14], "texture": "#0"},
				"down": {"uv": [15, 3, 14, 4], "texture": "#0"}
			}
		},
		{
			"from": [18, -8, 7],
			"to": [20, -6, 9],
			"faces": {
				"north": {"uv": [4, 14, 5, 15], "texture": "#0"},
				"east": {"uv": [14, 4, 15, 5], "texture": "#0"},
				"south": {"uv": [5, 14, 6, 15], "texture": "#0"},
				"west": {"uv": [14, 5, 15, 6], "texture": "#0"},
				"up": {"uv": [7, 15, 6, 14], "texture": "#0"},
				"down": {"uv": [15, 6, 14, 7], "texture": "#0"}
			}
		},
		{
			"from": [20, -6, 7],
			"to": [22, -4, 9],
			"faces": {
				"north": {"uv": [7, 14, 8, 15], "texture": "#0"},
				"east": {"uv": [14, 7, 15, 8], "texture": "#0"},
				"south": {"uv": [8, 14, 9, 15], "texture": "#0"},
				"west": {"uv": [14, 8, 15, 9], "texture": "#0"},
				"up": {"uv": [10, 15, 9, 14], "texture": "#0"},
				"down": {"uv": [15, 9, 14, 10], "texture": "#0"}
			}
		},
		{
			"from": [22, -4, 7],
			"to": [24, -2, 9],
			"faces": {
				"north": {"uv": [10, 14, 11, 15], "texture": "#0"},
				"east": {"uv": [14, 10, 15, 11], "texture": "#0"},
				"south": {"uv": [11, 14, 12, 15], "texture": "#0"},
				"west": {"uv": [14, 11, 15, 12], "texture": "#0"},
				"up": {"uv": [13, 15, 12, 14], "texture": "#0"},
				"down": {"uv": [15, 12, 14, 13], "texture": "#0"}
			}
		},
		{
			"from": [14, -10, 7],
			"to": [16, -8, 9],
			"faces": {
				"north": {"uv": [13, 14, 14, 15], "texture": "#0"},
				"east": {"uv": [14, 13, 15, 14], "texture": "#0"},
				"south": {"uv": [14, 14, 15, 15], "texture": "#0"},
				"west": {"uv": [0, 15, 1, 16], "texture": "#0"},
				"up": {"uv": [16, 1, 15, 0], "texture": "#0"},
				"down": {"uv": [2, 15, 1, 16], "texture": "#0"}
			}
		},
		{
			"from": [20, -2, 7],
			"to": [22, 0, 9],
			"faces": {
				"north": {"uv": [0, 0, 0.5, 0.5], "texture": "#1"},
				"east": {"uv": [0, 0.5, 0.5, 1], "texture": "#1"},
				"south": {"uv": [0.5, 0, 1, 0.5], "texture": "#1"},
				"west": {"uv": [0.5, 0.5, 1, 1], "texture": "#1"},
				"up": {"uv": [0.5, 1.5, 0, 1], "texture": "#1"},
				"down": {"uv": [1.5, 0, 1, 0.5], "texture": "#1"}
			}
		},
		{
			"from": [20, -4, 7],
			"to": [22, -2, 9],
			"faces": {
				"north": {"uv": [0.5, 1, 1, 1.5], "texture": "#1"},
				"east": {"uv": [1, 0.5, 1.5, 1], "texture": "#1"},
				"south": {"uv": [1, 1, 1.5, 1.5], "texture": "#1"},
				"west": {"uv": [0, 1.5, 0.5, 2], "texture": "#1"},
				"up": {"uv": [2, 0.5, 1.5, 0], "texture": "#1"},
				"down": {"uv": [1, 1.5, 0.5, 2], "texture": "#1"}
			}
		},
		{
			"from": [20, 2, 7],
			"to": [22, 4, 9],
			"faces": {
				"north": {"uv": [1.5, 0.5, 2, 1], "texture": "#1"},
				"east": {"uv": [1, 1.5, 1.5, 2], "texture": "#1"},
				"south": {"uv": [1.5, 1, 2, 1.5], "texture": "#1"},
				"west": {"uv": [1.5, 1.5, 2, 2], "texture": "#1"},
				"up": {"uv": [0.5, 2.5, 0, 2], "texture": "#1"},
				"down": {"uv": [2.5, 0, 2, 0.5], "texture": "#1"}
			}
		},
		{
			"from": [20, 0, 7],
			"to": [22, 2, 9],
			"faces": {
				"north": {"uv": [0.5, 2, 1, 2.5], "texture": "#1"},
				"east": {"uv": [2, 0.5, 2.5, 1], "texture": "#1"},
				"south": {"uv": [1, 2, 1.5, 2.5], "texture": "#1"},
				"west": {"uv": [2, 1, 2.5, 1.5], "texture": "#1"},
				"up": {"uv": [2, 2.5, 1.5, 2], "texture": "#1"},
				"down": {"uv": [2.5, 1.5, 2, 2], "texture": "#1"}
			}
		},
		{
			"from": [16, -6, 7],
			"to": [18, -4, 9],
			"faces": {
				"north": {"uv": [2, 2, 2.5, 2.5], "texture": "#1"},
				"east": {"uv": [0, 2.5, 0.5, 3], "texture": "#1"},
				"south": {"uv": [2.5, 0, 3, 0.5], "texture": "#1"},
				"west": {"uv": [0.5, 2.5, 1, 3], "texture": "#1"},
				"up": {"uv": [3, 1, 2.5, 0.5], "texture": "#1"},
				"down": {"uv": [1.5, 2.5, 1, 3], "texture": "#1"}
			}
		},
		{
			"from": [18, -6, 7],
			"to": [20, -4, 9],
			"faces": {
				"north": {"uv": [2.5, 1, 3, 1.5], "texture": "#1"},
				"east": {"uv": [1.5, 2.5, 2, 3], "texture": "#1"},
				"south": {"uv": [2.5, 1.5, 3, 2], "texture": "#1"},
				"west": {"uv": [2, 2.5, 2.5, 3], "texture": "#1"},
				"up": {"uv": [3, 2.5, 2.5, 2], "texture": "#1"},
				"down": {"uv": [3, 2.5, 2.5, 3], "texture": "#1"}
			}
		},
		{
			"from": [14, -6, 7],
			"to": [16, -4, 9],
			"faces": {
				"north": {"uv": [0, 3, 0.5, 3.5], "texture": "#1"},
				"east": {"uv": [3, 0, 3.5, 0.5], "texture": "#1"},
				"south": {"uv": [0.5, 3, 1, 3.5], "texture": "#1"},
				"west": {"uv": [3, 0.5, 3.5, 1], "texture": "#1"},
				"up": {"uv": [1.5, 3.5, 1, 3], "texture": "#1"},
				"down": {"uv": [3.5, 1, 3, 1.5], "texture": "#1"}
			}
		},
		{
			"from": [12, -6, 7],
			"to": [14, -4, 9],
			"faces": {
				"north": {"uv": [1.5, 3, 2, 3.5], "texture": "#1"},
				"east": {"uv": [3, 1.5, 3.5, 2], "texture": "#1"},
				"south": {"uv": [2, 3, 2.5, 3.5], "texture": "#1"},
				"west": {"uv": [3, 2, 3.5, 2.5], "texture": "#1"},
				"up": {"uv": [3, 3.5, 2.5, 3], "texture": "#1"},
				"down": {"uv": [3.5, 2.5, 3, 3], "texture": "#1"}
			}
		},
		{
			"from": [10, -4, 7],
			"to": [12, -2, 9],
			"faces": {
				"north": {"uv": [3, 3, 3.5, 3.5], "texture": "#1"},
				"east": {"uv": [0, 3.5, 0.5, 4], "texture": "#1"},
				"south": {"uv": [3.5, 0, 4, 0.5], "texture": "#1"},
				"west": {"uv": [0.5, 3.5, 1, 4], "texture": "#1"},
				"up": {"uv": [4, 1, 3.5, 0.5], "texture": "#1"},
				"down": {"uv": [1.5, 3.5, 1, 4], "texture": "#1"}
			}
		},
		{
			"from": [8, -2, 7],
			"to": [10, 0, 9],
			"faces": {
				"north": {"uv": [3.5, 1, 4, 1.5], "texture": "#1"},
				"east": {"uv": [1.5, 3.5, 2, 4], "texture": "#1"},
				"south": {"uv": [3.5, 1.5, 4, 2], "texture": "#1"},
				"west": {"uv": [2, 3.5, 2.5, 4], "texture": "#1"},
				"up": {"uv": [4, 2.5, 3.5, 2], "texture": "#1"},
				"down": {"uv": [3, 3.5, 2.5, 4], "texture": "#1"}
			}
		},
		{
			"from": [4, 2, 7],
			"to": [6, 4, 9],
			"faces": {
				"north": {"uv": [3.5, 2.5, 4, 3], "texture": "#1"},
				"east": {"uv": [3, 3.5, 3.5, 4], "texture": "#1"},
				"south": {"uv": [3.5, 3, 4, 3.5], "texture": "#1"},
				"west": {"uv": [3.5, 3.5, 4, 4], "texture": "#1"},
				"up": {"uv": [0.5, 4.5, 0, 4], "texture": "#1"},
				"down": {"uv": [4.5, 0, 4, 0.5], "texture": "#1"}
			}
		},
		{
			"from": [6, 0, 7],
			"to": [8, 2, 9],
			"faces": {
				"north": {"uv": [0.5, 4, 1, 4.5], "texture": "#1"},
				"east": {"uv": [4, 0.5, 4.5, 1], "texture": "#1"},
				"south": {"uv": [1, 4, 1.5, 4.5], "texture": "#1"},
				"west": {"uv": [4, 1, 4.5, 1.5], "texture": "#1"},
				"up": {"uv": [2, 4.5, 1.5, 4], "texture": "#1"},
				"down": {"uv": [4.5, 1.5, 4, 2], "texture": "#1"}
			}
		},
		{
			"from": [-4, 10, 7],
			"to": [-2, 12, 9],
			"faces": {
				"north": {"uv": [2, 4, 2.5, 4.5], "texture": "#1"},
				"east": {"uv": [4, 2, 4.5, 2.5], "texture": "#1"},
				"south": {"uv": [2.5, 4, 3, 4.5], "texture": "#1"},
				"west": {"uv": [4, 2.5, 4.5, 3], "texture": "#1"},
				"up": {"uv": [3.5, 4.5, 3, 4], "texture": "#1"},
				"down": {"uv": [4.5, 3, 4, 3.5], "texture": "#1"}
			}
		},
		{
			"from": [-2, 8, 7],
			"to": [0, 10, 9],
			"faces": {
				"north": {"uv": [3.5, 4, 4, 4.5], "texture": "#1"},
				"east": {"uv": [4, 3.5, 4.5, 4], "texture": "#1"},
				"south": {"uv": [4, 4, 4.5, 4.5], "texture": "#1"},
				"west": {"uv": [0, 4.5, 0.5, 5], "texture": "#1"},
				"up": {"uv": [5, 0.5, 4.5, 0], "texture": "#1"},
				"down": {"uv": [1, 4.5, 0.5, 5], "texture": "#1"}
			}
		},
		{
			"from": [0, 6, 7],
			"to": [2, 8, 9],
			"faces": {
				"north": {"uv": [4.5, 0.5, 5, 1], "texture": "#1"},
				"east": {"uv": [1, 4.5, 1.5, 5], "texture": "#1"},
				"south": {"uv": [4.5, 1, 5, 1.5], "texture": "#1"},
				"west": {"uv": [1.5, 4.5, 2, 5], "texture": "#1"},
				"up": {"uv": [5, 2, 4.5, 1.5], "texture": "#1"},
				"down": {"uv": [2.5, 4.5, 2, 5], "texture": "#1"}
			}
		},
		{
			"from": [2, 4, 7],
			"to": [4, 6, 9],
			"faces": {
				"north": {"uv": [4.5, 2, 5, 2.5], "texture": "#1"},
				"east": {"uv": [2.5, 4.5, 3, 5], "texture": "#1"},
				"south": {"uv": [4.5, 2.5, 5, 3], "texture": "#1"},
				"west": {"uv": [3, 4.5, 3.5, 5], "texture": "#1"},
				"up": {"uv": [5, 3.5, 4.5, 3], "texture": "#1"},
				"down": {"uv": [4, 4.5, 3.5, 5], "texture": "#1"}
			}
		},
		{
			"from": [10, 12, 7],
			"to": [12, 14, 9],
			"faces": {
				"north": {"uv": [4.5, 3.5, 5, 4], "texture": "#1"},
				"east": {"uv": [4, 4.5, 4.5, 5], "texture": "#1"},
				"south": {"uv": [4.5, 4, 5, 4.5], "texture": "#1"},
				"west": {"uv": [4.5, 4.5, 5, 5], "texture": "#1"},
				"up": {"uv": [0.5, 5.5, 0, 5], "texture": "#1"},
				"down": {"uv": [5.5, 0, 5, 0.5], "texture": "#1"}
			}
		},
		{
			"from": [8, 14, 7],
			"to": [10, 16, 9],
			"faces": {
				"north": {"uv": [0.5, 5, 1, 5.5], "texture": "#1"},
				"east": {"uv": [5, 0.5, 5.5, 1], "texture": "#1"},
				"south": {"uv": [1, 5, 1.5, 5.5], "texture": "#1"},
				"west": {"uv": [5, 1, 5.5, 1.5], "texture": "#1"},
				"up": {"uv": [2, 5.5, 1.5, 5], "texture": "#1"},
				"down": {"uv": [5.5, 1.5, 5, 2], "texture": "#1"}
			}
		},
		{
			"from": [6, 16, 7],
			"to": [8, 18, 9],
			"faces": {
				"north": {"uv": [2, 5, 2.5, 5.5], "texture": "#1"},
				"east": {"uv": [5, 2, 5.5, 2.5], "texture": "#1"},
				"south": {"uv": [2.5, 5, 3, 5.5], "texture": "#1"},
				"west": {"uv": [5, 2.5, 5.5, 3], "texture": "#1"},
				"up": {"uv": [3.5, 5.5, 3, 5], "texture": "#1"},
				"down": {"uv": [5.5, 3, 5, 3.5], "texture": "#1"}
			}
		},
		{
			"from": [4, 18, 7],
			"to": [6, 20, 9],
			"faces": {
				"north": {"uv": [3.5, 5, 4, 5.5], "texture": "#1"},
				"east": {"uv": [5, 3.5, 5.5, 4], "texture": "#1"},
				"south": {"uv": [4, 5, 4.5, 5.5], "texture": "#1"},
				"west": {"uv": [5, 4, 5.5, 4.5], "texture": "#1"},
				"up": {"uv": [5, 5.5, 4.5, 5], "texture": "#1"},
				"down": {"uv": [5.5, 4.5, 5, 5], "texture": "#1"}
			}
		},
		{
			"from": [-4, 12, 7],
			"to": [-2, 14, 9],
			"faces": {
				"north": {"uv": [5, 5, 5.5, 5.5], "texture": "#1"},
				"east": {"uv": [0, 5.5, 0.5, 6], "texture": "#1"},
				"south": {"uv": [5.5, 0, 6, 0.5], "texture": "#1"},
				"west": {"uv": [0.5, 5.5, 1, 6], "texture": "#1"},
				"up": {"uv": [6, 1, 5.5, 0.5], "texture": "#1"},
				"down": {"uv": [1.5, 5.5, 1, 6], "texture": "#1"}
			}
		},
		{
			"from": [-4, 14, 7],
			"to": [-2, 16, 9],
			"faces": {
				"north": {"uv": [5.5, 1, 6, 1.5], "texture": "#1"},
				"east": {"uv": [1.5, 5.5, 2, 6], "texture": "#1"},
				"south": {"uv": [5.5, 1.5, 6, 2], "texture": "#1"},
				"west": {"uv": [2, 5.5, 2.5, 6], "texture": "#1"},
				"up": {"uv": [6, 2.5, 5.5, 2], "texture": "#1"},
				"down": {"uv": [3, 5.5, 2.5, 6], "texture": "#1"}
			}
		},
		{
			"from": [-6, 14, 7],
			"to": [-4, 16, 9],
			"faces": {
				"north": {"uv": [5.5, 2.5, 6, 3], "texture": "#1"},
				"east": {"uv": [3, 5.5, 3.5, 6], "texture": "#1"},
				"south": {"uv": [5.5, 3, 6, 3.5], "texture": "#1"},
				"west": {"uv": [3.5, 5.5, 4, 6], "texture": "#1"},
				"up": {"uv": [6, 4, 5.5, 3.5], "texture": "#1"},
				"down": {"uv": [4.5, 5.5, 4, 6], "texture": "#1"}
			}
		},
		{
			"from": [-6, 16, 7],
			"to": [-4, 18, 9],
			"faces": {
				"north": {"uv": [5.5, 4, 6, 4.5], "texture": "#1"},
				"east": {"uv": [4.5, 5.5, 5, 6], "texture": "#1"},
				"south": {"uv": [5.5, 4.5, 6, 5], "texture": "#1"},
				"west": {"uv": [5, 5.5, 5.5, 6], "texture": "#1"},
				"up": {"uv": [6, 5.5, 5.5, 5], "texture": "#1"},
				"down": {"uv": [6, 5.5, 5.5, 6], "texture": "#1"}
			}
		},
		{
			"from": [-6, 18, 7],
			"to": [-4, 20, 9],
			"faces": {
				"north": {"uv": [0, 6, 0.5, 6.5], "texture": "#1"},
				"east": {"uv": [6, 0, 6.5, 0.5], "texture": "#1"},
				"south": {"uv": [0.5, 6, 1, 6.5], "texture": "#1"},
				"west": {"uv": [6, 0.5, 6.5, 1], "texture": "#1"},
				"up": {"uv": [1.5, 6.5, 1, 6], "texture": "#1"},
				"down": {"uv": [6.5, 1, 6, 1.5], "texture": "#1"}
			}
		},
		{
			"from": [-4, 20, 7],
			"to": [-2, 22, 9],
			"faces": {
				"north": {"uv": [1.5, 6, 2, 6.5], "texture": "#1"},
				"east": {"uv": [6, 1.5, 6.5, 2], "texture": "#1"},
				"south": {"uv": [2, 6, 2.5, 6.5], "texture": "#1"},
				"west": {"uv": [6, 2, 6.5, 2.5], "texture": "#1"},
				"up": {"uv": [3, 6.5, 2.5, 6], "texture": "#1"},
				"down": {"uv": [6.5, 2.5, 6, 3], "texture": "#1"}
			}
		},
		{
			"from": [-2, 20, 7],
			"to": [0, 22, 9],
			"faces": {
				"north": {"uv": [3, 6, 3.5, 6.5], "texture": "#1"},
				"east": {"uv": [6, 3, 6.5, 3.5], "texture": "#1"},
				"south": {"uv": [3.5, 6, 4, 6.5], "texture": "#1"},
				"west": {"uv": [6, 3.5, 6.5, 4], "texture": "#1"},
				"up": {"uv": [4.5, 6.5, 4, 6], "texture": "#1"},
				"down": {"uv": [6.5, 4, 6, 4.5], "texture": "#1"}
			}
		},
		{
			"from": [0, 18, 7],
			"to": [2, 20, 9],
			"faces": {
				"north": {"uv": [4.5, 6, 5, 6.5], "texture": "#1"},
				"east": {"uv": [6, 4.5, 6.5, 5], "texture": "#1"},
				"south": {"uv": [5, 6, 5.5, 6.5], "texture": "#1"},
				"west": {"uv": [6, 5, 6.5, 5.5], "texture": "#1"},
				"up": {"uv": [6, 6.5, 5.5, 6], "texture": "#1"},
				"down": {"uv": [6.5, 5.5, 6, 6], "texture": "#1"}
			}
		},
		{
			"from": [2, 20, 7],
			"to": [4, 22, 9],
			"faces": {
				"north": {"uv": [6, 6, 6.5, 6.5], "texture": "#1"},
				"east": {"uv": [0, 6.5, 0.5, 7], "texture": "#1"},
				"south": {"uv": [6.5, 0, 7, 0.5], "texture": "#1"},
				"west": {"uv": [0.5, 6.5, 1, 7], "texture": "#1"},
				"up": {"uv": [7, 1, 6.5, 0.5], "texture": "#1"},
				"down": {"uv": [1.5, 6.5, 1, 7], "texture": "#1"}
			}
		},
		{
			"from": [2, 18, 7],
			"to": [4, 20, 9],
			"faces": {
				"north": {"uv": [6.5, 1, 7, 1.5], "texture": "#1"},
				"east": {"uv": [1.5, 6.5, 2, 7], "texture": "#1"},
				"south": {"uv": [6.5, 1.5, 7, 2], "texture": "#1"},
				"west": {"uv": [2, 6.5, 2.5, 7], "texture": "#1"},
				"up": {"uv": [7, 2.5, 6.5, 2], "texture": "#1"},
				"down": {"uv": [3, 6.5, 2.5, 7], "texture": "#1"}
			}
		},
		{
			"from": [-2, 18, 7],
			"to": [0, 20, 9],
			"faces": {
				"north": {"uv": [6.5, 2.5, 7, 3], "texture": "#1"},
				"east": {"uv": [3, 6.5, 3.5, 7], "texture": "#1"},
				"south": {"uv": [6.5, 3, 7, 3.5], "texture": "#1"},
				"west": {"uv": [3.5, 6.5, 4, 7], "texture": "#1"},
				"up": {"uv": [7, 4, 6.5, 3.5], "texture": "#1"},
				"down": {"uv": [4.5, 6.5, 4, 7], "texture": "#1"}
			}
		},
		{
			"from": [-4, 18, 7],
			"to": [-2, 20, 9],
			"faces": {
				"north": {"uv": [6.5, 4, 7, 4.5], "texture": "#1"},
				"east": {"uv": [4.5, 6.5, 5, 7], "texture": "#1"},
				"south": {"uv": [6.5, 4.5, 7, 5], "texture": "#1"},
				"west": {"uv": [5, 6.5, 5.5, 7], "texture": "#1"},
				"up": {"uv": [7, 5.5, 6.5, 5], "texture": "#1"},
				"down": {"uv": [6, 6.5, 5.5, 7], "texture": "#1"}
			}
		},
		{
			"from": [2, 16, 7],
			"to": [4, 18, 9],
			"faces": {
				"north": {"uv": [6.5, 5.5, 7, 6], "texture": "#1"},
				"east": {"uv": [6, 6.5, 6.5, 7], "texture": "#1"},
				"south": {"uv": [6.5, 6, 7, 6.5], "texture": "#1"},
				"west": {"uv": [6.5, 6.5, 7, 7], "texture": "#1"},
				"up": {"uv": [0.5, 7.5, 0, 7], "texture": "#1"},
				"down": {"uv": [7.5, 0, 7, 0.5], "texture": "#1"}
			}
		},
		{
			"from": [-2, 16, 7],
			"to": [0, 18, 9],
			"faces": {
				"north": {"uv": [0.5, 7, 1, 7.5], "texture": "#1"},
				"east": {"uv": [7, 0.5, 7.5, 1], "texture": "#1"},
				"south": {"uv": [1, 7, 1.5, 7.5], "texture": "#1"},
				"west": {"uv": [7, 1, 7.5, 1.5], "texture": "#1"},
				"up": {"uv": [2, 7.5, 1.5, 7], "texture": "#1"},
				"down": {"uv": [7.5, 1.5, 7, 2], "texture": "#1"}
			}
		},
		{
			"from": [-4, 16, 7],
			"to": [-2, 18, 9],
			"faces": {
				"north": {"uv": [2, 7, 2.5, 7.5], "texture": "#1"},
				"east": {"uv": [7, 2, 7.5, 2.5], "texture": "#1"},
				"south": {"uv": [2.5, 7, 3, 7.5], "texture": "#1"},
				"west": {"uv": [7, 2.5, 7.5, 3], "texture": "#1"},
				"up": {"uv": [3.5, 7.5, 3, 7], "texture": "#1"},
				"down": {"uv": [7.5, 3, 7, 3.5], "texture": "#1"}
			}
		},
		{
			"from": [0, 16, 7],
			"to": [2, 18, 9],
			"faces": {
				"north": {"uv": [3.5, 7, 4, 7.5], "texture": "#1"},
				"east": {"uv": [7, 3.5, 7.5, 4], "texture": "#1"},
				"south": {"uv": [4, 7, 4.5, 7.5], "texture": "#1"},
				"west": {"uv": [7, 4, 7.5, 4.5], "texture": "#1"},
				"up": {"uv": [5, 7.5, 4.5, 7], "texture": "#1"},
				"down": {"uv": [7.5, 4.5, 7, 5], "texture": "#1"}
			}
		},
		{
			"from": [2, 14, 7],
			"to": [4, 16, 9],
			"faces": {
				"north": {"uv": [5, 7, 5.5, 7.5], "texture": "#1"},
				"east": {"uv": [7, 5, 7.5, 5.5], "texture": "#1"},
				"south": {"uv": [5.5, 7, 6, 7.5], "texture": "#1"},
				"west": {"uv": [7, 5.5, 7.5, 6], "texture": "#1"},
				"up": {"uv": [6.5, 7.5, 6, 7], "texture": "#1"},
				"down": {"uv": [7.5, 6, 7, 6.5], "texture": "#1"}
			}
		},
		{
			"from": [0, 14, 7],
			"to": [2, 16, 9],
			"faces": {
				"north": {"uv": [6.5, 7, 7, 7.5], "texture": "#1"},
				"east": {"uv": [7, 6.5, 7.5, 7], "texture": "#1"},
				"south": {"uv": [7, 7, 7.5, 7.5], "texture": "#1"},
				"west": {"uv": [0, 7.5, 0.5, 8], "texture": "#1"},
				"up": {"uv": [8, 0.5, 7.5, 0], "texture": "#1"},
				"down": {"uv": [1, 7.5, 0.5, 8], "texture": "#1"}
			}
		},
		{
			"from": [4, 14, 7],
			"to": [6, 16, 9],
			"faces": {
				"north": {"uv": [7.5, 0.5, 8, 1], "texture": "#1"},
				"east": {"uv": [1, 7.5, 1.5, 8], "texture": "#1"},
				"south": {"uv": [7.5, 1, 8, 1.5], "texture": "#1"},
				"west": {"uv": [1.5, 7.5, 2, 8], "texture": "#1"},
				"up": {"uv": [8, 2, 7.5, 1.5], "texture": "#1"},
				"down": {"uv": [2.5, 7.5, 2, 8], "texture": "#1"}
			}
		},
		{
			"from": [6, 14, 7],
			"to": [8, 16, 9],
			"faces": {
				"north": {"uv": [7.5, 2, 8, 2.5], "texture": "#1"},
				"east": {"uv": [2.5, 7.5, 3, 8], "texture": "#1"},
				"south": {"uv": [7.5, 2.5, 8, 3], "texture": "#1"},
				"west": {"uv": [3, 7.5, 3.5, 8], "texture": "#1"},
				"up": {"uv": [8, 3.5, 7.5, 3], "texture": "#1"},
				"down": {"uv": [4, 7.5, 3.5, 8], "texture": "#1"}
			}
		},
		{
			"from": [4, 16, 7],
			"to": [6, 18, 9],
			"faces": {
				"north": {"uv": [7.5, 3.5, 8, 4], "texture": "#1"},
				"east": {"uv": [4, 7.5, 4.5, 8], "texture": "#1"},
				"south": {"uv": [7.5, 4, 8, 4.5], "texture": "#1"},
				"west": {"uv": [4.5, 7.5, 5, 8], "texture": "#1"},
				"up": {"uv": [8, 5, 7.5, 4.5], "texture": "#1"},
				"down": {"uv": [5.5, 7.5, 5, 8], "texture": "#1"}
			}
		},
		{
			"from": [-2, 14, 7],
			"to": [0, 16, 9],
			"faces": {
				"north": {"uv": [7.5, 5, 8, 5.5], "texture": "#1"},
				"east": {"uv": [5.5, 7.5, 6, 8], "texture": "#1"},
				"south": {"uv": [7.5, 5.5, 8, 6], "texture": "#1"},
				"west": {"uv": [6, 7.5, 6.5, 8], "texture": "#1"},
				"up": {"uv": [8, 6.5, 7.5, 6], "texture": "#1"},
				"down": {"uv": [7, 7.5, 6.5, 8], "texture": "#1"}
			}
		},
		{
			"from": [8, 12, 7],
			"to": [10, 14, 9],
			"faces": {
				"north": {"uv": [7.5, 6.5, 8, 7], "texture": "#1"},
				"east": {"uv": [7, 7.5, 7.5, 8], "texture": "#1"},
				"south": {"uv": [7.5, 7, 8, 7.5], "texture": "#1"},
				"west": {"uv": [7.5, 7.5, 8, 8], "texture": "#1"},
				"up": {"uv": [0.5, 8.5, 0, 8], "texture": "#1"},
				"down": {"uv": [8.5, 0, 8, 0.5], "texture": "#1"}
			}
		},
		{
			"from": [6, 12, 7],
			"to": [8, 14, 9],
			"faces": {
				"north": {"uv": [0.5, 8, 1, 8.5], "texture": "#1"},
				"east": {"uv": [8, 0.5, 8.5, 1], "texture": "#1"},
				"south": {"uv": [1, 8, 1.5, 8.5], "texture": "#1"},
				"west": {"uv": [8, 1, 8.5, 1.5], "texture": "#1"},
				"up": {"uv": [2, 8.5, 1.5, 8], "texture": "#1"},
				"down": {"uv": [8.5, 1.5, 8, 2], "texture": "#1"}
			}
		},
		{
			"from": [4, 12, 7],
			"to": [6, 14, 9],
			"faces": {
				"north": {"uv": [2, 8, 2.5, 8.5], "texture": "#1"},
				"east": {"uv": [8, 2, 8.5, 2.5], "texture": "#1"},
				"south": {"uv": [2.5, 8, 3, 8.5], "texture": "#1"},
				"west": {"uv": [8, 2.5, 8.5, 3], "texture": "#1"},
				"up": {"uv": [3.5, 8.5, 3, 8], "texture": "#1"},
				"down": {"uv": [8.5, 3, 8, 3.5], "texture": "#1"}
			}
		},
		{
			"from": [2, 12, 7],
			"to": [4, 14, 9],
			"faces": {
				"north": {"uv": [3.5, 8, 4, 8.5], "texture": "#1"},
				"east": {"uv": [8, 3.5, 8.5, 4], "texture": "#1"},
				"south": {"uv": [4, 8, 4.5, 8.5], "texture": "#1"},
				"west": {"uv": [8, 4, 8.5, 4.5], "texture": "#1"},
				"up": {"uv": [5, 8.5, 4.5, 8], "texture": "#1"},
				"down": {"uv": [8.5, 4.5, 8, 5], "texture": "#1"}
			}
		},
		{
			"from": [0, 12, 7],
			"to": [2, 14, 9],
			"faces": {
				"north": {"uv": [5, 8, 5.5, 8.5], "texture": "#1"},
				"east": {"uv": [8, 5, 8.5, 5.5], "texture": "#1"},
				"south": {"uv": [5.5, 8, 6, 8.5], "texture": "#1"},
				"west": {"uv": [8, 5.5, 8.5, 6], "texture": "#1"},
				"up": {"uv": [6.5, 8.5, 6, 8], "texture": "#1"},
				"down": {"uv": [8.5, 6, 8, 6.5], "texture": "#1"}
			}
		},
		{
			"from": [-2, 12, 7],
			"to": [0, 14, 9],
			"faces": {
				"north": {"uv": [6.5, 8, 7, 8.5], "texture": "#1"},
				"east": {"uv": [8, 6.5, 8.5, 7], "texture": "#1"},
				"south": {"uv": [7, 8, 7.5, 8.5], "texture": "#1"},
				"west": {"uv": [8, 7, 8.5, 7.5], "texture": "#1"},
				"up": {"uv": [8, 8.5, 7.5, 8], "texture": "#1"},
				"down": {"uv": [8.5, 7.5, 8, 8], "texture": "#1"}
			}
		},
		{
			"from": [8, 10, 7],
			"to": [10, 12, 9],
			"faces": {
				"north": {"uv": [8, 8, 8.5, 8.5], "texture": "#1"},
				"east": {"uv": [0, 8.5, 0.5, 9], "texture": "#1"},
				"south": {"uv": [8.5, 0, 9, 0.5], "texture": "#1"},
				"west": {"uv": [0.5, 8.5, 1, 9], "texture": "#1"},
				"up": {"uv": [9, 1, 8.5, 0.5], "texture": "#1"},
				"down": {"uv": [1.5, 8.5, 1, 9], "texture": "#1"}
			}
		},
		{
			"from": [10, 10, 7],
			"to": [12, 12, 9],
			"faces": {
				"north": {"uv": [8.5, 1, 9, 1.5], "texture": "#1"},
				"east": {"uv": [1.5, 8.5, 2, 9], "texture": "#1"},
				"south": {"uv": [8.5, 1.5, 9, 2], "texture": "#1"},
				"west": {"uv": [2, 8.5, 2.5, 9], "texture": "#1"},
				"up": {"uv": [9, 2.5, 8.5, 2], "texture": "#1"},
				"down": {"uv": [3, 8.5, 2.5, 9], "texture": "#1"}
			}
		},
		{
			"from": [6, 10, 7],
			"to": [8, 12, 9],
			"faces": {
				"north": {"uv": [8.5, 2.5, 9, 3], "texture": "#1"},
				"east": {"uv": [3, 8.5, 3.5, 9], "texture": "#1"},
				"south": {"uv": [8.5, 3, 9, 3.5], "texture": "#1"},
				"west": {"uv": [3.5, 8.5, 4, 9], "texture": "#1"},
				"up": {"uv": [9, 4, 8.5, 3.5], "texture": "#1"},
				"down": {"uv": [4.5, 8.5, 4, 9], "texture": "#1"}
			}
		},
		{
			"from": [4, 10, 7],
			"to": [6, 12, 9],
			"faces": {
				"north": {"uv": [8.5, 4, 9, 4.5], "texture": "#1"},
				"east": {"uv": [4.5, 8.5, 5, 9], "texture": "#1"},
				"south": {"uv": [8.5, 4.5, 9, 5], "texture": "#1"},
				"west": {"uv": [5, 8.5, 5.5, 9], "texture": "#1"},
				"up": {"uv": [9, 5.5, 8.5, 5], "texture": "#1"},
				"down": {"uv": [6, 8.5, 5.5, 9], "texture": "#1"}
			}
		},
		{
			"from": [2, 10, 7],
			"to": [4, 12, 9],
			"faces": {
				"north": {"uv": [8.5, 5.5, 9, 6], "texture": "#1"},
				"east": {"uv": [6, 8.5, 6.5, 9], "texture": "#1"},
				"south": {"uv": [8.5, 6, 9, 6.5], "texture": "#1"},
				"west": {"uv": [6.5, 8.5, 7, 9], "texture": "#1"},
				"up": {"uv": [9, 7, 8.5, 6.5], "texture": "#1"},
				"down": {"uv": [7.5, 8.5, 7, 9], "texture": "#1"}
			}
		},
		{
			"from": [0, 10, 7],
			"to": [2, 12, 9],
			"faces": {
				"north": {"uv": [8.5, 7, 9, 7.5], "texture": "#1"},
				"east": {"uv": [7.5, 8.5, 8, 9], "texture": "#1"},
				"south": {"uv": [8.5, 7.5, 9, 8], "texture": "#1"},
				"west": {"uv": [8, 8.5, 8.5, 9], "texture": "#1"},
				"up": {"uv": [9, 8.5, 8.5, 8], "texture": "#1"},
				"down": {"uv": [9, 8.5, 8.5, 9], "texture": "#1"}
			}
		},
		{
			"from": [-2, 10, 7],
			"to": [0, 12, 9],
			"faces": {
				"north": {"uv": [0, 9, 0.5, 9.5], "texture": "#1"},
				"east": {"uv": [9, 0, 9.5, 0.5], "texture": "#1"},
				"south": {"uv": [0.5, 9, 1, 9.5], "texture": "#1"},
				"west": {"uv": [9, 0.5, 9.5, 1], "texture": "#1"},
				"up": {"uv": [1.5, 9.5, 1, 9], "texture": "#1"},
				"down": {"uv": [9.5, 1, 9, 1.5], "texture": "#1"}
			}
		},
		{
			"from": [12, 8, 7],
			"to": [14, 10, 9],
			"faces": {
				"north": {"uv": [1.5, 9, 2, 9.5], "texture": "#1"},
				"east": {"uv": [9, 1.5, 9.5, 2], "texture": "#1"},
				"south": {"uv": [2, 9, 2.5, 9.5], "texture": "#1"},
				"west": {"uv": [9, 2, 9.5, 2.5], "texture": "#1"},
				"up": {"uv": [3, 9.5, 2.5, 9], "texture": "#1"},
				"down": {"uv": [9.5, 2.5, 9, 3], "texture": "#1"}
			}
		},
		{
			"from": [8, 8, 7],
			"to": [10, 10, 9],
			"faces": {
				"north": {"uv": [3, 9, 3.5, 9.5], "texture": "#1"},
				"east": {"uv": [9, 3, 9.5, 3.5], "texture": "#1"},
				"south": {"uv": [3.5, 9, 4, 9.5], "texture": "#1"},
				"west": {"uv": [9, 3.5, 9.5, 4], "texture": "#1"},
				"up": {"uv": [4.5, 9.5, 4, 9], "texture": "#1"},
				"down": {"uv": [9.5, 4, 9, 4.5], "texture": "#1"}
			}
		},
		{
			"from": [10, 8, 7],
			"to": [12, 10, 9],
			"faces": {
				"north": {"uv": [4.5, 9, 5, 9.5], "texture": "#1"},
				"east": {"uv": [9, 4.5, 9.5, 5], "texture": "#1"},
				"south": {"uv": [5, 9, 5.5, 9.5], "texture": "#1"},
				"west": {"uv": [9, 5, 9.5, 5.5], "texture": "#1"},
				"up": {"uv": [6, 9.5, 5.5, 9], "texture": "#1"},
				"down": {"uv": [9.5, 5.5, 9, 6], "texture": "#1"}
			}
		},
		{
			"from": [6, 8, 7],
			"to": [8, 10, 9],
			"faces": {
				"north": {"uv": [6, 9, 6.5, 9.5], "texture": "#1"},
				"east": {"uv": [9, 6, 9.5, 6.5], "texture": "#1"},
				"south": {"uv": [6.5, 9, 7, 9.5], "texture": "#1"},
				"west": {"uv": [9, 6.5, 9.5, 7], "texture": "#1"},
				"up": {"uv": [7.5, 9.5, 7, 9], "texture": "#1"},
				"down": {"uv": [9.5, 7, 9, 7.5], "texture": "#1"}
			}
		},
		{
			"from": [4, 8, 7],
			"to": [6, 10, 9],
			"faces": {
				"north": {"uv": [7.5, 9, 8, 9.5], "texture": "#1"},
				"east": {"uv": [9, 7.5, 9.5, 8], "texture": "#1"},
				"south": {"uv": [8, 9, 8.5, 9.5], "texture": "#1"},
				"west": {"uv": [9, 8, 9.5, 8.5], "texture": "#1"},
				"up": {"uv": [9, 9.5, 8.5, 9], "texture": "#1"},
				"down": {"uv": [9.5, 8.5, 9, 9], "texture": "#1"}
			}
		},
		{
			"from": [2, 8, 7],
			"to": [4, 10, 9],
			"faces": {
				"north": {"uv": [9, 9, 9.5, 9.5], "texture": "#1"},
				"east": {"uv": [0, 9.5, 0.5, 10], "texture": "#1"},
				"south": {"uv": [9.5, 0, 10, 0.5], "texture": "#1"},
				"west": {"uv": [0.5, 9.5, 1, 10], "texture": "#1"},
				"up": {"uv": [10, 1, 9.5, 0.5], "texture": "#1"},
				"down": {"uv": [1.5, 9.5, 1, 10], "texture": "#1"}
			}
		},
		{
			"from": [0, 8, 7],
			"to": [2, 10, 9],
			"faces": {
				"north": {"uv": [9.5, 1, 10, 1.5], "texture": "#1"},
				"east": {"uv": [1.5, 9.5, 2, 10], "texture": "#1"},
				"south": {"uv": [9.5, 1.5, 10, 2], "texture": "#1"},
				"west": {"uv": [2, 9.5, 2.5, 10], "texture": "#1"},
				"up": {"uv": [10, 2.5, 9.5, 2], "texture": "#1"},
				"down": {"uv": [3, 9.5, 2.5, 10], "texture": "#1"}
			}
		},
		{
			"from": [14, 6, 7],
			"to": [16, 8, 9],
			"faces": {
				"north": {"uv": [9.5, 2.5, 10, 3], "texture": "#1"},
				"east": {"uv": [3, 9.5, 3.5, 10], "texture": "#1"},
				"south": {"uv": [9.5, 3, 10, 3.5], "texture": "#1"},
				"west": {"uv": [3.5, 9.5, 4, 10], "texture": "#1"},
				"up": {"uv": [10, 4, 9.5, 3.5], "texture": "#1"},
				"down": {"uv": [4.5, 9.5, 4, 10], "texture": "#1"}
			}
		},
		{
			"from": [10, 6, 7],
			"to": [12, 8, 9],
			"faces": {
				"north": {"uv": [9.5, 4, 10, 4.5], "texture": "#1"},
				"east": {"uv": [4.5, 9.5, 5, 10], "texture": "#1"},
				"south": {"uv": [9.5, 4.5, 10, 5], "texture": "#1"},
				"west": {"uv": [5, 9.5, 5.5, 10], "texture": "#1"},
				"up": {"uv": [10, 5.5, 9.5, 5], "texture": "#1"},
				"down": {"uv": [6, 9.5, 5.5, 10], "texture": "#1"}
			}
		},
		{
			"from": [12, 6, 7],
			"to": [14, 8, 9],
			"faces": {
				"north": {"uv": [9.5, 5.5, 10, 6], "texture": "#1"},
				"east": {"uv": [6, 9.5, 6.5, 10], "texture": "#1"},
				"south": {"uv": [9.5, 6, 10, 6.5], "texture": "#1"},
				"west": {"uv": [6.5, 9.5, 7, 10], "texture": "#1"},
				"up": {"uv": [10, 7, 9.5, 6.5], "texture": "#1"},
				"down": {"uv": [7.5, 9.5, 7, 10], "texture": "#1"}
			}
		},
		{
			"from": [8, 6, 7],
			"to": [10, 8, 9],
			"faces": {
				"north": {"uv": [9.5, 7, 10, 7.5], "texture": "#1"},
				"east": {"uv": [7.5, 9.5, 8, 10], "texture": "#1"},
				"south": {"uv": [9.5, 7.5, 10, 8], "texture": "#1"},
				"west": {"uv": [8, 9.5, 8.5, 10], "texture": "#1"},
				"up": {"uv": [10, 8.5, 9.5, 8], "texture": "#1"},
				"down": {"uv": [9, 9.5, 8.5, 10], "texture": "#1"}
			}
		},
		{
			"from": [6, 6, 7],
			"to": [8, 8, 9],
			"faces": {
				"north": {"uv": [9.5, 8.5, 10, 9], "texture": "#1"},
				"east": {"uv": [9, 9.5, 9.5, 10], "texture": "#1"},
				"south": {"uv": [9.5, 9, 10, 9.5], "texture": "#1"},
				"west": {"uv": [9.5, 9.5, 10, 10], "texture": "#1"},
				"up": {"uv": [0.5, 10.5, 0, 10], "texture": "#1"},
				"down": {"uv": [10.5, 0, 10, 0.5], "texture": "#1"}
			}
		},
		{
			"from": [4, 6, 7],
			"to": [6, 8, 9],
			"faces": {
				"north": {"uv": [0.5, 10, 1, 10.5], "texture": "#1"},
				"east": {"uv": [10, 0.5, 10.5, 1], "texture": "#1"},
				"south": {"uv": [1, 10, 1.5, 10.5], "texture": "#1"},
				"west": {"uv": [10, 1, 10.5, 1.5], "texture": "#1"},
				"up": {"uv": [2, 10.5, 1.5, 10], "texture": "#1"},
				"down": {"uv": [10.5, 1.5, 10, 2], "texture": "#1"}
			}
		},
		{
			"from": [2, 6, 7],
			"to": [4, 8, 9],
			"faces": {
				"north": {"uv": [2, 10, 2.5, 10.5], "texture": "#1"},
				"east": {"uv": [10, 2, 10.5, 2.5], "texture": "#1"},
				"south": {"uv": [2.5, 10, 3, 10.5], "texture": "#1"},
				"west": {"uv": [10, 2.5, 10.5, 3], "texture": "#1"},
				"up": {"uv": [3.5, 10.5, 3, 10], "texture": "#1"},
				"down": {"uv": [10.5, 3, 10, 3.5], "texture": "#1"}
			}
		},
		{
			"from": [16, 4, 7],
			"to": [18, 6, 9],
			"faces": {
				"north": {"uv": [3.5, 10, 4, 10.5], "texture": "#1"},
				"east": {"uv": [10, 3.5, 10.5, 4], "texture": "#1"},
				"south": {"uv": [4, 10, 4.5, 10.5], "texture": "#1"},
				"west": {"uv": [10, 4, 10.5, 4.5], "texture": "#1"},
				"up": {"uv": [5, 10.5, 4.5, 10], "texture": "#1"},
				"down": {"uv": [10.5, 4.5, 10, 5], "texture": "#1"}
			}
		},
		{
			"from": [12, 4, 7],
			"to": [14, 6, 9],
			"faces": {
				"north": {"uv": [5, 10, 5.5, 10.5], "texture": "#1"},
				"east": {"uv": [10, 5, 10.5, 5.5], "texture": "#1"},
				"south": {"uv": [5.5, 10, 6, 10.5], "texture": "#1"},
				"west": {"uv": [10, 5.5, 10.5, 6], "texture": "#1"},
				"up": {"uv": [6.5, 10.5, 6, 10], "texture": "#1"},
				"down": {"uv": [10.5, 6, 10, 6.5], "texture": "#1"}
			}
		},
		{
			"from": [14, 4, 7],
			"to": [16, 6, 9],
			"faces": {
				"north": {"uv": [6.5, 10, 7, 10.5], "texture": "#1"},
				"east": {"uv": [10, 6.5, 10.5, 7], "texture": "#1"},
				"south": {"uv": [7, 10, 7.5, 10.5], "texture": "#1"},
				"west": {"uv": [10, 7, 10.5, 7.5], "texture": "#1"},
				"up": {"uv": [8, 10.5, 7.5, 10], "texture": "#1"},
				"down": {"uv": [10.5, 7.5, 10, 8], "texture": "#1"}
			}
		},
		{
			"from": [10, 4, 7],
			"to": [12, 6, 9],
			"faces": {
				"north": {"uv": [8, 10, 8.5, 10.5], "texture": "#1"},
				"east": {"uv": [10, 8, 10.5, 8.5], "texture": "#1"},
				"south": {"uv": [8.5, 10, 9, 10.5], "texture": "#1"},
				"west": {"uv": [10, 8.5, 10.5, 9], "texture": "#1"},
				"up": {"uv": [9.5, 10.5, 9, 10], "texture": "#1"},
				"down": {"uv": [10.5, 9, 10, 9.5], "texture": "#1"}
			}
		},
		{
			"from": [8, 4, 7],
			"to": [10, 6, 9],
			"faces": {
				"north": {"uv": [9.5, 10, 10, 10.5], "texture": "#1"},
				"east": {"uv": [10, 9.5, 10.5, 10], "texture": "#1"},
				"south": {"uv": [10, 10, 10.5, 10.5], "texture": "#1"},
				"west": {"uv": [0, 10.5, 0.5, 11], "texture": "#1"},
				"up": {"uv": [11, 0.5, 10.5, 0], "texture": "#1"},
				"down": {"uv": [1, 10.5, 0.5, 11], "texture": "#1"}
			}
		},
		{
			"from": [6, 4, 7],
			"to": [8, 6, 9],
			"faces": {
				"north": {"uv": [10.5, 0.5, 11, 1], "texture": "#1"},
				"east": {"uv": [1, 10.5, 1.5, 11], "texture": "#1"},
				"south": {"uv": [10.5, 1, 11, 1.5], "texture": "#1"},
				"west": {"uv": [1.5, 10.5, 2, 11], "texture": "#1"},
				"up": {"uv": [11, 2, 10.5, 1.5], "texture": "#1"},
				"down": {"uv": [2.5, 10.5, 2, 11], "texture": "#1"}
			}
		},
		{
			"from": [4, 4, 7],
			"to": [6, 6, 9],
			"faces": {
				"north": {"uv": [10.5, 2, 11, 2.5], "texture": "#1"},
				"east": {"uv": [2.5, 10.5, 3, 11], "texture": "#1"},
				"south": {"uv": [10.5, 2.5, 11, 3], "texture": "#1"},
				"west": {"uv": [3, 10.5, 3.5, 11], "texture": "#1"},
				"up": {"uv": [11, 3.5, 10.5, 3], "texture": "#1"},
				"down": {"uv": [4, 10.5, 3.5, 11], "texture": "#1"}
			}
		},
		{
			"from": [18, 2, 7],
			"to": [20, 4, 9],
			"faces": {
				"north": {"uv": [10.5, 3.5, 11, 4], "texture": "#1"},
				"east": {"uv": [4, 10.5, 4.5, 11], "texture": "#1"},
				"south": {"uv": [10.5, 4, 11, 4.5], "texture": "#1"},
				"west": {"uv": [4.5, 10.5, 5, 11], "texture": "#1"},
				"up": {"uv": [11, 5, 10.5, 4.5], "texture": "#1"},
				"down": {"uv": [5.5, 10.5, 5, 11], "texture": "#1"}
			}
		},
		{
			"from": [14, 2, 7],
			"to": [16, 4, 9],
			"faces": {
				"north": {"uv": [10.5, 5, 11, 5.5], "texture": "#1"},
				"east": {"uv": [5.5, 10.5, 6, 11], "texture": "#1"},
				"south": {"uv": [10.5, 5.5, 11, 6], "texture": "#1"},
				"west": {"uv": [6, 10.5, 6.5, 11], "texture": "#1"},
				"up": {"uv": [11, 6.5, 10.5, 6], "texture": "#1"},
				"down": {"uv": [7, 10.5, 6.5, 11], "texture": "#1"}
			}
		},
		{
			"from": [16, 2, 7],
			"to": [18, 4, 9],
			"faces": {
				"north": {"uv": [10.5, 6.5, 11, 7], "texture": "#1"},
				"east": {"uv": [7, 10.5, 7.5, 11], "texture": "#1"},
				"south": {"uv": [10.5, 7, 11, 7.5], "texture": "#1"},
				"west": {"uv": [7.5, 10.5, 8, 11], "texture": "#1"},
				"up": {"uv": [11, 8, 10.5, 7.5], "texture": "#1"},
				"down": {"uv": [8.5, 10.5, 8, 11], "texture": "#1"}
			}
		},
		{
			"from": [12, 2, 7],
			"to": [14, 4, 9],
			"faces": {
				"north": {"uv": [10.5, 8, 11, 8.5], "texture": "#1"},
				"east": {"uv": [8.5, 10.5, 9, 11], "texture": "#1"},
				"south": {"uv": [10.5, 8.5, 11, 9], "texture": "#1"},
				"west": {"uv": [9, 10.5, 9.5, 11], "texture": "#1"},
				"up": {"uv": [11, 9.5, 10.5, 9], "texture": "#1"},
				"down": {"uv": [10, 10.5, 9.5, 11], "texture": "#1"}
			}
		},
		{
			"from": [10, 2, 7],
			"to": [12, 4, 9],
			"faces": {
				"north": {"uv": [10.5, 9.5, 11, 10], "texture": "#1"},
				"east": {"uv": [10, 10.5, 10.5, 11], "texture": "#1"},
				"south": {"uv": [10.5, 10, 11, 10.5], "texture": "#1"},
				"west": {"uv": [10.5, 10.5, 11, 11], "texture": "#1"},
				"up": {"uv": [0.5, 11.5, 0, 11], "texture": "#1"},
				"down": {"uv": [11.5, 0, 11, 0.5], "texture": "#1"}
			}
		},
		{
			"from": [8, 2, 7],
			"to": [10, 4, 9],
			"faces": {
				"north": {"uv": [0.5, 11, 1, 11.5], "texture": "#1"},
				"east": {"uv": [11, 0.5, 11.5, 1], "texture": "#1"},
				"south": {"uv": [1, 11, 1.5, 11.5], "texture": "#1"},
				"west": {"uv": [11, 1, 11.5, 1.5], "texture": "#1"},
				"up": {"uv": [2, 11.5, 1.5, 11], "texture": "#1"},
				"down": {"uv": [11.5, 1.5, 11, 2], "texture": "#1"}
			}
		},
		{
			"from": [18, 0, 7],
			"to": [20, 2, 9],
			"faces": {
				"north": {"uv": [2, 11, 2.5, 11.5], "texture": "#1"},
				"east": {"uv": [11, 2, 11.5, 2.5], "texture": "#1"},
				"south": {"uv": [2.5, 11, 3, 11.5], "texture": "#1"},
				"west": {"uv": [11, 2.5, 11.5, 3], "texture": "#1"},
				"up": {"uv": [3.5, 11.5, 3, 11], "texture": "#1"},
				"down": {"uv": [11.5, 3, 11, 3.5], "texture": "#1"}
			}
		},
		{
			"from": [14, 0, 7],
			"to": [16, 2, 9],
			"faces": {
				"north": {"uv": [3.5, 11, 4, 11.5], "texture": "#1"},
				"east": {"uv": [11, 3.5, 11.5, 4], "texture": "#1"},
				"south": {"uv": [4, 11, 4.5, 11.5], "texture": "#1"},
				"west": {"uv": [11, 4, 11.5, 4.5], "texture": "#1"},
				"up": {"uv": [5, 11.5, 4.5, 11], "texture": "#1"},
				"down": {"uv": [11.5, 4.5, 11, 5], "texture": "#1"}
			}
		},
		{
			"from": [16, 0, 7],
			"to": [18, 2, 9],
			"faces": {
				"north": {"uv": [5, 11, 5.5, 11.5], "texture": "#1"},
				"east": {"uv": [11, 5, 11.5, 5.5], "texture": "#1"},
				"south": {"uv": [5.5, 11, 6, 11.5], "texture": "#1"},
				"west": {"uv": [11, 5.5, 11.5, 6], "texture": "#1"},
				"up": {"uv": [6.5, 11.5, 6, 11], "texture": "#1"},
				"down": {"uv": [11.5, 6, 11, 6.5], "texture": "#1"}
			}
		},
		{
			"from": [12, 0, 7],
			"to": [14, 2, 9],
			"faces": {
				"north": {"uv": [6.5, 11, 7, 11.5], "texture": "#1"},
				"east": {"uv": [11, 6.5, 11.5, 7], "texture": "#1"},
				"south": {"uv": [7, 11, 7.5, 11.5], "texture": "#1"},
				"west": {"uv": [11, 7, 11.5, 7.5], "texture": "#1"},
				"up": {"uv": [8, 11.5, 7.5, 11], "texture": "#1"},
				"down": {"uv": [11.5, 7.5, 11, 8], "texture": "#1"}
			}
		},
		{
			"from": [10, 0, 7],
			"to": [12, 2, 9],
			"faces": {
				"north": {"uv": [8, 11, 8.5, 11.5], "texture": "#1"},
				"east": {"uv": [11, 8, 11.5, 8.5], "texture": "#1"},
				"south": {"uv": [8.5, 11, 9, 11.5], "texture": "#1"},
				"west": {"uv": [11, 8.5, 11.5, 9], "texture": "#1"},
				"up": {"uv": [9.5, 11.5, 9, 11], "texture": "#1"},
				"down": {"uv": [11.5, 9, 11, 9.5], "texture": "#1"}
			}
		},
		{
			"from": [18, -2, 7],
			"to": [20, 0, 9],
			"faces": {
				"north": {"uv": [9.5, 11, 10, 11.5], "texture": "#1"},
				"east": {"uv": [11, 9.5, 11.5, 10], "texture": "#1"},
				"south": {"uv": [10, 11, 10.5, 11.5], "texture": "#1"},
				"west": {"uv": [11, 10, 11.5, 10.5], "texture": "#1"},
				"up": {"uv": [11, 11.5, 10.5, 11], "texture": "#1"},
				"down": {"uv": [11.5, 10.5, 11, 11], "texture": "#1"}
			}
		},
		{
			"from": [14, -2, 7],
			"to": [16, 0, 9],
			"faces": {
				"north": {"uv": [11, 11, 11.5, 11.5], "texture": "#1"},
				"east": {"uv": [0, 11.5, 0.5, 12], "texture": "#1"},
				"south": {"uv": [11.5, 0, 12, 0.5], "texture": "#1"},
				"west": {"uv": [0.5, 11.5, 1, 12], "texture": "#1"},
				"up": {"uv": [12, 1, 11.5, 0.5], "texture": "#1"},
				"down": {"uv": [1.5, 11.5, 1, 12], "texture": "#1"}
			}
		},
		{
			"from": [16, -2, 7],
			"to": [18, 0, 9],
			"faces": {
				"north": {"uv": [11.5, 1, 12, 1.5], "texture": "#1"},
				"east": {"uv": [1.5, 11.5, 2, 12], "texture": "#1"},
				"south": {"uv": [11.5, 1.5, 12, 2], "texture": "#1"},
				"west": {"uv": [2, 11.5, 2.5, 12], "texture": "#1"},
				"up": {"uv": [12, 2.5, 11.5, 2], "texture": "#1"},
				"down": {"uv": [3, 11.5, 2.5, 12], "texture": "#1"}
			}
		},
		{
			"from": [12, -2, 7],
			"to": [14, 0, 9],
			"faces": {
				"north": {"uv": [11.5, 2.5, 12, 3], "texture": "#1"},
				"east": {"uv": [3, 11.5, 3.5, 12], "texture": "#1"},
				"south": {"uv": [11.5, 3, 12, 3.5], "texture": "#1"},
				"west": {"uv": [3.5, 11.5, 4, 12], "texture": "#1"},
				"up": {"uv": [12, 4, 11.5, 3.5], "texture": "#1"},
				"down": {"uv": [4.5, 11.5, 4, 12], "texture": "#1"}
			}
		},
		{
			"from": [12, -4, 7],
			"to": [14, -2, 9],
			"faces": {
				"north": {"uv": [11.5, 4, 12, 4.5], "texture": "#1"},
				"east": {"uv": [4.5, 11.5, 5, 12], "texture": "#1"},
				"south": {"uv": [11.5, 4.5, 12, 5], "texture": "#1"},
				"west": {"uv": [5, 11.5, 5.5, 12], "texture": "#1"},
				"up": {"uv": [12, 5.5, 11.5, 5], "texture": "#1"},
				"down": {"uv": [6, 11.5, 5.5, 12], "texture": "#1"}
			}
		},
		{
			"from": [14, -4, 7],
			"to": [16, -2, 9],
			"faces": {
				"north": {"uv": [11.5, 5.5, 12, 6], "texture": "#1"},
				"east": {"uv": [6, 11.5, 6.5, 12], "texture": "#1"},
				"south": {"uv": [11.5, 6, 12, 6.5], "texture": "#1"},
				"west": {"uv": [6.5, 11.5, 7, 12], "texture": "#1"},
				"up": {"uv": [12, 7, 11.5, 6.5], "texture": "#1"},
				"down": {"uv": [7.5, 11.5, 7, 12], "texture": "#1"}
			}
		},
		{
			"from": [16, -4, 7],
			"to": [18, -2, 9],
			"faces": {
				"north": {"uv": [11.5, 7, 12, 7.5], "texture": "#1"},
				"east": {"uv": [7.5, 11.5, 8, 12], "texture": "#1"},
				"south": {"uv": [11.5, 7.5, 12, 8], "texture": "#1"},
				"west": {"uv": [8, 11.5, 8.5, 12], "texture": "#1"},
				"up": {"uv": [12, 8.5, 11.5, 8], "texture": "#1"},
				"down": {"uv": [9, 11.5, 8.5, 12], "texture": "#1"}
			}
		},
		{
			"from": [10, -2, 7],
			"to": [12, 0, 9],
			"faces": {
				"north": {"uv": [11.5, 8.5, 12, 9], "texture": "#1"},
				"east": {"uv": [9, 11.5, 9.5, 12], "texture": "#1"},
				"south": {"uv": [11.5, 9, 12, 9.5], "texture": "#1"},
				"west": {"uv": [9.5, 11.5, 10, 12], "texture": "#1"},
				"up": {"uv": [12, 10, 11.5, 9.5], "texture": "#1"},
				"down": {"uv": [10.5, 11.5, 10, 12], "texture": "#1"}
			}
		},
		{
			"from": [8, 0, 7],
			"to": [10, 2, 9],
			"faces": {
				"north": {"uv": [11.5, 10, 12, 10.5], "texture": "#1"},
				"east": {"uv": [10.5, 11.5, 11, 12], "texture": "#1"},
				"south": {"uv": [11.5, 10.5, 12, 11], "texture": "#1"},
				"west": {"uv": [11, 11.5, 11.5, 12], "texture": "#1"},
				"up": {"uv": [12, 11.5, 11.5, 11], "texture": "#1"},
				"down": {"uv": [12, 11.5, 11.5, 12], "texture": "#1"}
			}
		},
		{
			"from": [6, 2, 7],
			"to": [8, 4, 9],
			"faces": {
				"north": {"uv": [0, 12, 0.5, 12.5], "texture": "#1"},
				"east": {"uv": [12, 0, 12.5, 0.5], "texture": "#1"},
				"south": {"uv": [0.5, 12, 1, 12.5], "texture": "#1"},
				"west": {"uv": [12, 0.5, 12.5, 1], "texture": "#1"},
				"up": {"uv": [1.5, 12.5, 1, 12], "texture": "#1"},
				"down": {"uv": [12.5, 1, 12, 1.5], "texture": "#1"}
			}
		},
		{
			"from": [18, 4, 7],
			"to": [20, 6, 9],
			"faces": {
				"north": {"uv": [1.5, 12, 2, 12.5], "texture": "#1"},
				"east": {"uv": [12, 1.5, 12.5, 2], "texture": "#1"},
				"south": {"uv": [2, 12, 2.5, 12.5], "texture": "#1"},
				"west": {"uv": [12, 2, 12.5, 2.5], "texture": "#1"},
				"up": {"uv": [3, 12.5, 2.5, 12], "texture": "#1"},
				"down": {"uv": [12.5, 2.5, 12, 3], "texture": "#1"}
			}
		},
		{
			"from": [16, 6, 7],
			"to": [18, 8, 9],
			"faces": {
				"north": {"uv": [3, 12, 3.5, 12.5], "texture": "#1"},
				"east": {"uv": [12, 3, 12.5, 3.5], "texture": "#1"},
				"south": {"uv": [3.5, 12, 4, 12.5], "texture": "#1"},
				"west": {"uv": [12, 3.5, 12.5, 4], "texture": "#1"},
				"up": {"uv": [4.5, 12.5, 4, 12], "texture": "#1"},
				"down": {"uv": [12.5, 4, 12, 4.5], "texture": "#1"}
			}
		},
		{
			"from": [14, 8, 7],
			"to": [16, 10, 9],
			"faces": {
				"north": {"uv": [4.5, 12, 5, 12.5], "texture": "#1"},
				"east": {"uv": [12, 4.5, 12.5, 5], "texture": "#1"},
				"south": {"uv": [5, 12, 5.5, 12.5], "texture": "#1"},
				"west": {"uv": [12, 5, 12.5, 5.5], "texture": "#1"},
				"up": {"uv": [6, 12.5, 5.5, 12], "texture": "#1"},
				"down": {"uv": [12.5, 5.5, 12, 6], "texture": "#1"}
			}
		},
		{
			"from": [12, 10, 7],
			"to": [14, 12, 9],
			"faces": {
				"north": {"uv": [6, 12, 6.5, 12.5], "texture": "#1"},
				"east": {"uv": [12, 6, 12.5, 6.5], "texture": "#1"},
				"south": {"uv": [6.5, 12, 7, 12.5], "texture": "#1"},
				"west": {"uv": [12, 6.5, 12.5, 7], "texture": "#1"},
				"up": {"uv": [7.5, 12.5, 7, 12], "texture": "#1"},
				"down": {"uv": [12.5, 7, 12, 7.5], "texture": "#1"}
			}
		},
		{
			"from": [18, -4, 7],
			"to": [20, -2, 9],
			"faces": {
				"north": {"uv": [7.5, 12, 8, 12.5], "texture": "#1"},
				"east": {"uv": [12, 7.5, 12.5, 8], "texture": "#1"},
				"south": {"uv": [8, 12, 8.5, 12.5], "texture": "#1"},
				"west": {"uv": [12, 8, 12.5, 8.5], "texture": "#1"},
				"up": {"uv": [9, 12.5, 8.5, 12], "texture": "#1"},
				"down": {"uv": [12.5, 8.5, 12, 9], "texture": "#1"}
			}
		}
	],
	"display": {
		"thirdperson_righthand": {
			"rotation": [70, -90, 30],
			"translation": [0, 6, -0.75],
			"scale": [0.3, 0.3, 0.3]
		},
		"thirdperson_lefthand": {
			"rotation": [45.5, 90, 0],
			"translation": [0, 6.5, 0.5],
			"scale": [0.3, 0.3, 0.3]
		},
		"firstperson_righthand": {
			"rotation": [50, -90, 0],
			"scale": [0.3, 0.3, 0.3]
		},
		"firstperson_lefthand": {
			"rotation": [50, 90, 0],
			"scale": [0.3, 0.3, 0.3]
		},
		"ground": {
			"rotation": [0.64, -13.72, 133.08],
			"translation": [0, 3, 0],
			"scale": [0.3, 0.3, 0.3]
		},
		"gui": {
			"translation": [-2, 2, 0],
			"scale": [0.4, 0.4, 0.4]
		},
		"head": {
			"rotation": [0, 0, 134],
			"translation": [0, 9.5, 0],
			"scale": [0.5, 0.5, 0.5]
		},
		"fixed": {
			"translation": [-2.25, 2, 0],
			"scale": [0.5, 0.5, 0.5]
		}
	},
	"groups": [
		{
			"name": "handle",
			"origin": [0, 0, 0],
			"color": 0,
			"children": [0, 1, 2, 3, 4, 5, 6, 7, 8, 9, 10, 11, 12, 13, 14, 15, 16, 17, 18, 19, 20, 21, 22, 23, 24, 25, 26, 27, 28, 29, 30, 31, 32, 33, 34, 35]
		},
		{
			"name": "swoharma",
			"origin": [0, 0, 0],
			"color": 0,
			"children": [
				36,
				37,
				38,
				39,
				40,
				41,
				42,
				43,
				44,
				45,
				46,
				47,
				48,
				49,
				50,
				51,
				52,
				53,
				54,
				55,
				56,
				57,
				58,
				59,
				60,
				61,
				62,
				63,
				64,
				65,
				66,
				67,
				68,
				69,
				70,
				71,
				72,
				73,
				74,
				75,
				76,
				77,
				78,
				79,
				80,
				81,
				82,
				83,
				84,
				85,
				86,
				87,
				88,
				89,
				90,
				91,
				92,
				93,
				94,
				95,
				96,
				97,
				98,
				99,
				100,
				101,
				102,
				103,
				104,
				105,
				106,
				107,
				108,
				109,
				110,
				111,
				112,
				113,
				114,
				115,
				116,
				117,
				118,
				119,
				120,
				121,
				122,
				123,
				124,
				125,
				126,
				127,
				128,
				129,
				130,
				131,
				132,
				133,
				134,
				135,
				136,
				137
			]
		}
	]
}