{
	"credit": "Made with Blockbench",
	"texture_size": [64, 64],
	"textures": {
		"1": "item/chess/chess-oak"
	},
	"elements": [
		{
			"from": [4, 0, 2],
			"to": [12, 3, 14],
			"faces": {
				"north": {"uv": [3, 5.5, 5, 6.25], "texture": "#1"},
				"east": {"uv": [3, 3, 6, 3.75], "texture": "#1"},
				"south": {"uv": [6, 0, 8, 0.75], "texture": "#1"},
				"west": {"uv": [3, 3.75, 6, 4.5], "texture": "#1"},
				"up": {"uv": [2, 3, 0, 0], "texture": "#1"},
				"down": {"uv": [4, 0, 2, 3], "texture": "#1"}
			}
		},
		{
			"from": [12, 0, 4],
			"to": [14, 3, 12],
			"faces": {
				"north": {"uv": [5.5, 8, 6, 8.75], "texture": "#1"},
				"east": {"uv": [6, 0.75, 8, 1.5], "texture": "#1"},
				"south": {"uv": [8, 6.25, 8.5, 7], "texture": "#1"},
				"west": {"uv": [6, 1.5, 8, 2.25], "texture": "#1"},
				"up": {"uv": [5, 8.25, 4.5, 6.25], "texture": "#1"},
				"down": {"uv": [0.5, 7, 0, 9], "texture": "#1"}
			}
		},
		{
			"from": [2, 0, 4],
			"to": [4, 3, 12],
			"faces": {
				"north": {"uv": [8, 7, 8.5, 7.75], "texture": "#1"},
				"east": {"uv": [6, 2.25, 8, 3], "texture": "#1"},
				"south": {"uv": [8, 7.75, 8.5, 8.5], "texture": "#1"},
				"west": {"uv": [6, 3, 8, 3.75], "texture": "#1"},
				"up": {"uv": [1, 9, 0.5, 7], "texture": "#1"},
				"down": {"uv": [1.5, 7, 1, 9], "texture": "#1"}
			}
		},
		{
			"from": [5, 3, 3],
			"to": [11, 4, 13],
			"faces": {
				"north": {"uv": [8.5, 1, 10, 1.25], "texture": "#1"},
				"east": {"uv": [8, 0, 10.5, 0.25], "texture": "#1"},
				"south": {"uv": [8.5, 1.25, 10, 1.5], "texture": "#1"},
				"west": {"uv": [8, 0.25, 10.5, 0.5], "texture": "#1"},
				"up": {"uv": [1.5, 5.5, 0, 3], "texture": "#1"},
				"down": {"uv": [3, 3, 1.5, 5.5], "texture": "#1"}
			}
		},
		{
			"from": [6, 4, 6],
			"to": [10, 10, 10],
			"faces": {
				"north": {"uv": [5, 4.5, 6, 6], "texture": "#1"},
				"east": {"uv": [0, 5.5, 1, 7], "texture": "#1"},
				"south": {"uv": [1, 5.5, 2, 7], "texture": "#1"},
				"west": {"uv": [2, 5.5, 3, 7], "texture": "#1"},
				"up": {"uv": [7.5, 6.75, 6.5, 5.75], "texture": "#1"},
				"down": {"uv": [7.5, 6.75, 6.5, 7.75], "texture": "#1"}
			}
		},
		{
			"from": [5, 10, 6],
			"to": [11, 11, 10],
			"faces": {
				"north": {"uv": [1.5, 8.5, 3, 8.75], "texture": "#1"},
				"east": {"uv": [4, 8.25, 5, 8.5], "texture": "#1"},
				"south": {"uv": [8.5, 2, 10, 2.25], "texture": "#1"},
				"west": {"uv": [8.5, 2.75, 9.5, 3], "texture": "#1"},
				"up": {"uv": [7.5, 4.75, 6, 3.75], "texture": "#1"},
				"down": {"uv": [7.5, 4.75, 6, 5.75], "texture": "#1"}
			}
		},
		{
			"from": [6, 10, 5],
			"to": [10, 11, 6],
			"faces": {
				"north": {"uv": [3, 8.5, 4, 8.75], "texture": "#1"},
				"east": {"uv": [8.5, 8.25, 8.75, 8.5], "texture": "#1"},
				"south": {"uv": [8.5, 3.75, 9.5, 4], "texture": "#1"},
				"west": {"uv": [1.5, 8.75, 1.75, 9], "texture": "#1"},
				"up": {"uv": [5, 8.75, 4, 8.5], "texture": "#1"},
				"down": {"uv": [9.5, 4, 8.5, 4.25], "texture": "#1"}
			}
		},
		{
			"from": [6, 10, 10],
			"to": [10, 11, 11],
			"faces": {
				"north": {"uv": [8.5, 4.25, 9.5, 4.5], "texture": "#1"},
				"east": {"uv": [1.75, 8.75, 2, 9], "texture": "#1"},
				"south": {"uv": [8.5, 4.5, 9.5, 4.75], "texture": "#1"},
				"west": {"uv": [2, 8.75, 2.25, 9], "texture": "#1"},
				"up": {"uv": [9.5, 5, 8.5, 4.75], "texture": "#1"},
				"down": {"uv": [9.5, 5, 8.5, 5.25], "texture": "#1"}
			}
		},
		{
			"from": [6, 15, 5],
			"to": [10, 16, 6],
			"faces": {
				"north": {"uv": [8.5, 7.25, 9.5, 7.5], "texture": "#1"},
				"east": {"uv": [2.75, 8.75, 3, 9], "texture": "#1"},
				"south": {"uv": [8.5, 7.5, 9.5, 7.75], "texture": "#1"},
				"west": {"uv": [3, 8.75, 3.25, 9], "texture": "#1"},
				"up": {"uv": [9.5, 8, 8.5, 7.75], "texture": "#1"},
				"down": {"uv": [9, 8.5, 8, 8.75], "texture": "#1"}
			}
		},
		{
			"from": [5, 15, 6],
			"to": [11, 16, 10],
			"faces": {
				"north": {"uv": [8.5, 2.25, 10, 2.5], "texture": "#1"},
				"east": {"uv": [8.5, 6.75, 9.5, 7], "texture": "#1"},
				"south": {"uv": [8.5, 2.5, 10, 2.75], "texture": "#1"},
				"west": {"uv": [8.5, 7, 9.5, 7.25], "texture": "#1"},
				"up": {"uv": [6.5, 7, 5, 6], "texture": "#1"},
				"down": {"uv": [4.5, 6.25, 3, 7.25], "texture": "#1"}
			}
		},
		{
			"from": [6, 15, 10],
			"to": [10, 16, 11],
			"faces": {
				"north": {"uv": [8.5, 5.25, 9.5, 5.5], "texture": "#1"},
				"east": {"uv": [2.25, 8.75, 2.5, 9], "texture": "#1"},
				"south": {"uv": [8.5, 5.5, 9.5, 5.75], "texture": "#1"},
				"west": {"uv": [2.5, 8.75, 2.75, 9], "texture": "#1"},
				"up": {"uv": [9.5, 6.5, 8.5, 6.25], "texture": "#1"},
				"down": {"uv": [9.5, 6.5, 8.5, 6.75], "texture": "#1"}
			}
		},
		{
			"from": [4, 11, 6],
			"to": [12, 15, 10],
			"faces": {
				"north": {"uv": [4, 0, 6, 1], "texture": "#1"},
				"east": {"uv": [7.5, 3.75, 8.5, 4.75], "texture": "#1"},
				"south": {"uv": [4, 1, 6, 2], "texture": "#1"},
				"west": {"uv": [7.5, 4.75, 8.5, 5.75], "texture": "#1"},
				"up": {"uv": [6, 3, 4, 2], "texture": "#1"},
				"down": {"uv": [5, 4.5, 3, 5.5], "texture": "#1"}
			}
		},
		{
			"from": [6, 11, 4],
			"to": [10, 15, 6],
			"faces": {
				"north": {"uv": [2.5, 7.25, 3.5, 8.25], "texture": "#1"},
				"east": {"uv": [8, 2, 8.5, 3], "texture": "#1"},
				"south": {"uv": [3.5, 7.25, 4.5, 8.25], "texture": "#1"},
				"west": {"uv": [5, 8, 5.5, 9], "texture": "#1"},
				"up": {"uv": [9, 3.5, 8, 3], "texture": "#1"},
				"down": {"uv": [9, 5.75, 8, 6.25], "texture": "#1"}
			}
		},
		{
			"from": [6, 11, 10],
			"to": [10, 15, 12],
			"faces": {
				"north": {"uv": [1.5, 7, 2.5, 8], "texture": "#1"},
				"east": {"uv": [7, 7.75, 7.5, 8.75], "texture": "#1"},
				"south": {"uv": [5, 7, 6, 8], "texture": "#1"},
				"west": {"uv": [8, 0.5, 8.5, 1.5], "texture": "#1"},
				"up": {"uv": [2.5, 8.5, 1.5, 8], "texture": "#1"},
				"down": {"uv": [9, 1.5, 8, 2], "texture": "#1"}
			}
		},
		{
			"from": [11, 3, 5],
			"to": [13, 4, 11],
			"faces": {
				"north": {"uv": [6, 8.5, 6.5, 8.75], "texture": "#1"},
				"east": {"uv": [8.5, 0.5, 10, 0.75], "texture": "#1"},
				"south": {"uv": [8.5, 8, 9, 8.25], "texture": "#1"},
				"west": {"uv": [8.5, 0.75, 10, 1], "texture": "#1"},
				"up": {"uv": [8, 8.75, 7.5, 7.25], "texture": "#1"},
				"down": {"uv": [7, 7.75, 6.5, 9.25], "texture": "#1"}
			}
		},
		{
			"from": [3, 3, 5],
			"to": [5, 4, 11],
			"faces": {
				"north": {"uv": [6, 5.75, 6.5, 6], "texture": "#1"},
				"east": {"uv": [8, 3.5, 9.5, 3.75], "texture": "#1"},
				"south": {"uv": [2.5, 7, 3, 7.25], "texture": "#1"},
				"west": {"uv": [2.5, 8.25, 4, 8.5], "texture": "#1"},
				"up": {"uv": [6.5, 8.5, 6, 7], "texture": "#1"},
				"down": {"uv": [8, 5.75, 7.5, 7.25], "texture": "#1"}
			}
		}
	],
	"display": {
		"thirdperson_righthand": {
			"scale": [0.5, 0.5, 0.5]
		},
		"thirdperson_lefthand": {
			"scale": [0.5, 0.5, 0.5]
		},
		"firstperson_righthand": {
			"scale": [0.5, 0.5, 0.5]
		},
		"firstperson_lefthand": {
			"scale": [0.5, 0.5, 0.5]
		},
		"ground": {
			"translation": [0, 0.75, 0],
			"scale": [0.5, 0.5, 0.5]
		},
		"gui": {
			"rotation": [22.5, -45, 0],
			"scale": [0.85, 0.85, 0.85]
		},
		"head": {
			"translation": [0, -13, 0],
			"scale": [4, 4, 4]
		},
		"fixed": {
			"rotation": [-90, 0, 0],
			"translation": [0, 0, -16],
			"scale": [2, 2, 2]
		}
	}
}