{
	"credit": "Made with Blockbench",
	"texture_size": [64, 64],
	"textures": {
		"0": "item/chess/chess-oak",
		"particle": "item/chess/chess-oak"
	},
	"elements": [
		{
			"from": [4, 0, 2],
			"to": [6, 2, 4],
			"faces": {
				"north": {"uv": [8, 1.5, 8.5, 2], "texture": "#0"},
				"east": {"uv": [3, 8, 3.5, 8.5], "texture": "#0"},
				"south": {"uv": [3.5, 8, 4, 8.5], "texture": "#0"},
				"west": {"uv": [8.5, 1.5, 9, 2], "texture": "#0"},
				"up": {"uv": [6.5, 9, 6, 8.5], "texture": "#0"},
				"down": {"uv": [7, 8.5, 6.5, 9], "texture": "#0"}
			}
		},
		{
			"from": [4, 0, 2],
			"to": [12, 3, 14],
			"faces": {
				"north": {"uv": [9, 2.5, 11, 3.25], "texture": "#0"},
				"east": {"uv": [7, 4.5, 10, 5.25], "texture": "#0"},
				"south": {"uv": [6, 9, 8, 9.75], "texture": "#0"},
				"west": {"uv": [7, 5.25, 10, 6], "texture": "#0"},
				"up": {"uv": [2, 3, 0, 0], "texture": "#0"},
				"down": {"uv": [4, 0, 2, 3], "texture": "#0"}
			}
		},
		{
			"from": [12, 0, 4],
			"to": [14, 3, 12],
			"faces": {
				"north": {"uv": [5.5, 6, 6, 6.75], "texture": "#0"},
				"east": {"uv": [0, 9.5, 2, 10.25], "texture": "#0"},
				"south": {"uv": [6.5, 10.75, 7, 11.5], "texture": "#0"},
				"west": {"uv": [9.5, 0, 11.5, 0.75], "texture": "#0"},
				"up": {"uv": [8, 11.75, 7.5, 9.75], "texture": "#0"},
				"down": {"uv": [4, 10, 3.5, 12], "texture": "#0"}
			}
		},
		{
			"from": [2, 0, 4],
			"to": [4, 3, 12],
			"faces": {
				"north": {"uv": [7, 10.75, 7.5, 11.5], "texture": "#0"},
				"east": {"uv": [9.5, 0.75, 11.5, 1.5], "texture": "#0"},
				"south": {"uv": [2, 11, 2.5, 11.75], "texture": "#0"},
				"west": {"uv": [9.5, 3.25, 11.5, 4], "texture": "#0"},
				"up": {"uv": [4.5, 12, 4, 10], "texture": "#0"},
				"down": {"uv": [10.5, 4, 10, 6], "texture": "#0"}
			}
		},
		{
			"from": [5, 3, 3],
			"to": [11, 4, 13],
			"faces": {
				"north": {"uv": [11, 6.25, 12.5, 6.5], "texture": "#0"},
				"east": {"uv": [10, 7, 12.5, 7.25], "texture": "#0"},
				"south": {"uv": [11, 6.5, 12.5, 6.75], "texture": "#0"},
				"west": {"uv": [10, 7.25, 12.5, 7.5], "texture": "#0"},
				"up": {"uv": [7.5, 4.5, 6, 2], "texture": "#0"},
				"down": {"uv": [5.5, 6, 4, 8.5], "texture": "#0"}
			}
		},
		{
			"from": [4, 14, 4],
			"to": [12, 15, 12],
			"faces": {
				"north": {"uv": [10.5, 4, 12.5, 4.25], "texture": "#0"},
				"east": {"uv": [10.5, 4.25, 12.5, 4.5], "texture": "#0"},
				"south": {"uv": [10.5, 4.5, 12.5, 4.75], "texture": "#0"},
				"west": {"uv": [10.5, 4.75, 12.5, 5], "texture": "#0"},
				"up": {"uv": [2, 5, 0, 3], "texture": "#0"},
				"down": {"uv": [4, 3, 2, 5], "texture": "#0"}
			}
		},
		{
			"from": [5, 15, 5],
			"to": [11, 16, 11],
			"faces": {
				"north": {"uv": [9.5, 11, 11, 11.25], "texture": "#0"},
				"east": {"uv": [11, 9.5, 12.5, 9.75], "texture": "#0"},
				"south": {"uv": [11, 9.75, 12.5, 10], "texture": "#0"},
				"west": {"uv": [11, 10, 12.5, 10.25], "texture": "#0"},
				"up": {"uv": [7, 8.5, 5.5, 7], "texture": "#0"},
				"down": {"uv": [8.5, 6, 7, 7.5], "texture": "#0"}
			}
		},
		{
			"from": [4, 16, 4],
			"to": [12, 17, 12],
			"faces": {
				"north": {"uv": [10.5, 5, 12.5, 5.25], "texture": "#0"},
				"east": {"uv": [10.5, 5.25, 12.5, 5.5], "texture": "#0"},
				"south": {"uv": [10.5, 5.5, 12.5, 5.75], "texture": "#0"},
				"west": {"uv": [10.5, 5.75, 12.5, 6], "texture": "#0"},
				"up": {"uv": [6, 2, 4, 0], "texture": "#0"},
				"down": {"uv": [6, 2, 4, 4], "texture": "#0"}
			}
		},
		{
			"from": [5, 19, 5],
			"to": [11, 23, 11],
			"faces": {
				"north": {"uv": [8, 9.5, 9.5, 10.5], "texture": "#0"},
				"east": {"uv": [9.5, 9.5, 11, 10.5], "texture": "#0"},
				"south": {"uv": [6, 9.75, 7.5, 10.75], "texture": "#0"},
				"west": {"uv": [2, 10, 3.5, 11], "texture": "#0"},
				"up": {"uv": [6, 10, 4.5, 8.5], "texture": "#0"},
				"down": {"uv": [10, 6, 8.5, 7.5], "texture": "#0"}
			}
		},
		{
			"from": [4, 20, 4],
			"to": [12, 24, 12],
			"faces": {
				"north": {"uv": [7.5, 3.5, 9.5, 4.5], "texture": "#0"},
				"east": {"uv": [8.5, 7.5, 10.5, 8.5], "texture": "#0"},
				"south": {"uv": [8.5, 8.5, 10.5, 9.5], "texture": "#0"},
				"west": {"uv": [9, 1.5, 11, 2.5], "texture": "#0"},
				"up": {"uv": [4, 7, 2, 5], "texture": "#0"},
				"down": {"uv": [8, 0, 6, 2], "texture": "#0"}
			}
		},
		{
			"from": [5, 17, 5],
			"to": [11, 18, 11],
			"rotation": {"angle": 0, "axis": "y", "origin": [8, 0, 8]},
			"faces": {
				"north": {"uv": [11, 10.25, 12.5, 10.5], "texture": "#0"},
				"east": {"uv": [11, 11, 12.5, 11.25], "texture": "#0"},
				"south": {"uv": [8, 11.25, 9.5, 11.5], "texture": "#0"},
				"west": {"uv": [9.5, 11.25, 11, 11.5], "texture": "#0"},
				"up": {"uv": [9, 3.5, 7.5, 2], "texture": "#0"},
				"down": {"uv": [8.5, 7.5, 7, 9], "texture": "#0"}
			}
		},
		{
			"from": [5, 17, 5],
			"to": [11, 18, 11],
			"faces": {
				"north": {"uv": [11, 11.25, 12.5, 11.5], "texture": "#0"},
				"east": {"uv": [11.5, 0, 13, 0.25], "texture": "#0"},
				"south": {"uv": [11.5, 0.25, 13, 0.5], "texture": "#0"},
				"west": {"uv": [11.5, 0.5, 13, 0.75], "texture": "#0"},
				"up": {"uv": [9.5, 1.5, 8, 0], "texture": "#0"},
				"down": {"uv": [4.5, 8.5, 3, 10], "texture": "#0"}
			}
		},
		{
			"from": [4, 16, 4],
			"to": [12, 17, 12],
			"faces": {
				"north": {"uv": [10.5, 7.5, 12.5, 7.75], "texture": "#0"},
				"east": {"uv": [10.5, 7.75, 12.5, 8], "texture": "#0"},
				"south": {"uv": [8, 10.5, 10, 10.75], "texture": "#0"},
				"west": {"uv": [10.5, 8, 12.5, 8.25], "texture": "#0"},
				"up": {"uv": [6, 6, 4, 4], "texture": "#0"},
				"down": {"uv": [2, 5, 0, 7], "texture": "#0"}
			}
		},
		{
			"from": [6, 4, 6],
			"to": [10, 14, 10],
			"faces": {
				"north": {"uv": [6, 4.5, 7, 7], "texture": "#0"},
				"east": {"uv": [0, 7, 1, 9.5], "texture": "#0"},
				"south": {"uv": [1, 7, 2, 9.5], "texture": "#0"},
				"west": {"uv": [2, 7, 3, 9.5], "texture": "#0"},
				"up": {"uv": [4, 8, 3, 7], "texture": "#0"},
				"down": {"uv": [5.5, 10, 4.5, 11], "texture": "#0"}
			}
		},
		{
			"from": [7, 24, 7],
			"to": [9, 25, 9],
			"faces": {
				"north": {"uv": [4.5, 11.25, 5, 11.5], "texture": "#0"},
				"east": {"uv": [5, 11.25, 5.5, 11.5], "texture": "#0"},
				"south": {"uv": [0, 11.5, 0.5, 11.75], "texture": "#0"},
				"west": {"uv": [0.5, 11.5, 1, 11.75], "texture": "#0"},
				"up": {"uv": [8.5, 9.5, 8, 9], "texture": "#0"},
				"down": {"uv": [10, 4, 9.5, 4.5], "texture": "#0"}
			}
		},
		{
			"from": [5, 24, 11],
			"to": [12, 25, 12],
			"rotation": {"angle": 0, "axis": "y", "origin": [8, 0, 8]},
			"faces": {
				"north": {"uv": [10.5, 8.25, 12.25, 8.5], "texture": "#0"},
				"east": {"uv": [11.5, 0.75, 11.75, 1], "texture": "#0"},
				"south": {"uv": [10.5, 8.5, 12.25, 8.75], "texture": "#0"},
				"west": {"uv": [11.5, 1, 11.75, 1.25], "texture": "#0"},
				"up": {"uv": [12.25, 9, 10.5, 8.75], "texture": "#0"},
				"down": {"uv": [12.25, 9, 10.5, 9.25], "texture": "#0"}
			}
		},
		{
			"from": [4, 24, 5],
			"to": [5, 25, 12],
			"rotation": {"angle": 0, "axis": "y", "origin": [8, 0, 8]},
			"faces": {
				"north": {"uv": [11.5, 1.25, 11.75, 1.5], "texture": "#0"},
				"east": {"uv": [10.5, 9.25, 12.25, 9.5], "texture": "#0"},
				"south": {"uv": [11.5, 3.25, 11.75, 3.5], "texture": "#0"},
				"west": {"uv": [10, 10.5, 11.75, 10.75], "texture": "#0"},
				"up": {"uv": [1.75, 12, 1.5, 10.25], "texture": "#0"},
				"down": {"uv": [2, 10.25, 1.75, 12], "texture": "#0"}
			}
		},
		{
			"from": [11, 24, 4],
			"to": [12, 25, 11],
			"rotation": {"angle": 0, "axis": "y", "origin": [8, 0, 8]},
			"faces": {
				"north": {"uv": [5.5, 11.5, 5.75, 11.75], "texture": "#0"},
				"east": {"uv": [11, 2, 12.75, 2.25], "texture": "#0"},
				"south": {"uv": [5.75, 11.5, 6, 11.75], "texture": "#0"},
				"west": {"uv": [11, 2.25, 12.75, 2.5], "texture": "#0"},
				"up": {"uv": [6.25, 12.5, 6, 10.75], "texture": "#0"},
				"down": {"uv": [6.5, 10.75, 6.25, 12.5], "texture": "#0"}
			}
		},
		{
			"from": [4, 24, 4],
			"to": [11, 25, 5],
			"rotation": {"angle": 0, "axis": "y", "origin": [8, 0, 8]},
			"faces": {
				"north": {"uv": [8, 10.75, 9.75, 11], "texture": "#0"},
				"east": {"uv": [5, 11.5, 5.25, 11.75], "texture": "#0"},
				"south": {"uv": [9.75, 10.75, 11.5, 11], "texture": "#0"},
				"west": {"uv": [5.25, 11.5, 5.5, 11.75], "texture": "#0"},
				"up": {"uv": [12.75, 1.75, 11, 1.5], "texture": "#0"},
				"down": {"uv": [12.75, 1.75, 11, 2], "texture": "#0"}
			}
		},
		{
			"from": [6, 18, 6],
			"to": [10, 19, 10],
			"faces": {
				"north": {"uv": [2, 9.5, 3, 9.75], "texture": "#0"},
				"east": {"uv": [2, 9.75, 3, 10], "texture": "#0"},
				"south": {"uv": [4.5, 11, 5.5, 11.25], "texture": "#0"},
				"west": {"uv": [0, 11.25, 1, 11.5], "texture": "#0"},
				"up": {"uv": [11, 7, 10, 6], "texture": "#0"},
				"down": {"uv": [1, 10.25, 0, 11.25], "texture": "#0"}
			}
		},
		{
			"from": [12, 3, 5],
			"to": [13, 4, 11],
			"faces": {
				"north": {"uv": [11.5, 3.5, 11.75, 3.75], "texture": "#0"},
				"east": {"uv": [11, 3, 12.5, 3.25], "texture": "#0"},
				"south": {"uv": [11.5, 3.75, 11.75, 4], "texture": "#0"},
				"west": {"uv": [11, 6, 12.5, 6.25], "texture": "#0"},
				"up": {"uv": [2.75, 12.5, 2.5, 11], "texture": "#0"},
				"down": {"uv": [3, 11, 2.75, 12.5], "texture": "#0"}
			}
		},
		{
			"from": [3, 3, 5],
			"to": [5, 4, 11],
			"faces": {
				"north": {"uv": [5.5, 6.75, 6, 7], "texture": "#0"},
				"east": {"uv": [11, 2.5, 12.5, 2.75], "texture": "#0"},
				"south": {"uv": [9, 3.25, 9.5, 3.5], "texture": "#0"},
				"west": {"uv": [11, 2.75, 12.5, 3], "texture": "#0"},
				"up": {"uv": [6, 11.5, 5.5, 10], "texture": "#0"},
				"down": {"uv": [1.5, 10.25, 1, 11.75], "texture": "#0"}
			}
		},
		{
			"from": [11, 3, 5],
			"to": [12, 4, 11],
			"faces": {
				"north": {"uv": [4.5, 11.5, 4.75, 11.75], "texture": "#0"},
				"east": {"uv": [11, 6.75, 12.5, 7], "texture": "#0"},
				"south": {"uv": [4.75, 11.5, 5, 11.75], "texture": "#0"},
				"west": {"uv": [8, 11, 9.5, 11.25], "texture": "#0"},
				"up": {"uv": [3.25, 12.5, 3, 11], "texture": "#0"},
				"down": {"uv": [3.5, 11, 3.25, 12.5], "texture": "#0"}
			}
		}
	],
	"display": {
		"thirdperson_righthand": {
			"scale": [0.5, 0.5, 0.5]
		},
		"thirdperson_lefthand": {
			"scale": [0.5, 0.5, 0.5]
		},
		"firstperson_righthand": {
			"scale": [0.5, 0.5, 0.5]
		},
		"firstperson_lefthand": {
			"scale": [0.5, 0.5, 0.5]
		},
		"ground": {
			"translation": [0, 0.75, 0],
			"scale": [0.5, 0.5, 0.5]
		},
		"gui": {
			"rotation": [22.5, -45, 0],
			"translation": [0, -1, 0],
			"scale": [0.7, 0.7, 0.7]
		},
		"head": {
			"translation": [0, -13, 0],
			"scale": [4, 4, 4]
		},
		"fixed": {
			"rotation": [-90, 0, 0],
			"translation": [0, 0, -16],
			"scale": [2, 2, 2]
		}
	}
}