{
	"credit": "Made with Blockbench",
	"texture_size": [32, 32],
	"textures": {
		"0": "item/arrows/arrow-right",
		"particle": "item/arrows/arrow-right"
	},
	"elements": [
		{
			"from": [0, 10, 7],
			"to": [16, 13, 9],
			"rotation": {"angle": 0, "axis": "y", "origin": [9, 12, 8]},
			"faces": {
				"north": {"uv": [0, 1.5, 8, 3], "texture": "#0"},
				"east": {"uv": [4.5, 8, 5.5, 9.5], "texture": "#0"},
				"south": {"uv": [0, 0, 8, 1.5], "texture": "#0"},
				"west": {"uv": [8, 3, 9, 4.5], "texture": "#0"},
				"up": {"uv": [8, 4, 0, 3], "rotation": 180, "texture": "#0"},
				"down": {"uv": [8, 4, 0, 5], "rotation": 180, "texture": "#0"}
			}
		},
		{
			"from": [7.14214, 15.34315, 7],
			"to": [16.14214, 18.34315, 9],
			"rotation": {"angle": -45, "axis": "z", "origin": [9, 12, 8]},
			"faces": {
				"north": {"uv": [4.5, 5, 9, 6.5], "texture": "#0"},
				"east": {"uv": [6.5, 8, 7.5, 9.5], "texture": "#0"},
				"south": {"uv": [0, 5, 4.5, 6.5], "texture": "#0"},
				"west": {"uv": [5.5, 8, 6.5, 9.5], "texture": "#0"},
				"up": {"uv": [4.5, 9, 0, 8], "rotation": 180, "texture": "#0"},
				"down": {"uv": [12.5, 0, 8, 1], "rotation": 180, "texture": "#0"}
			}
		},
		{
			"from": [6.34315, 4.85786, 7],
			"to": [15.34315, 7.85786, 9],
			"rotation": {"angle": 45, "axis": "z", "origin": [9, 12, 8]},
			"faces": {
				"north": {"uv": [4.5, 6.5, 9, 8], "texture": "#0"},
				"east": {"uv": [8.5, 8, 9.5, 9.5], "texture": "#0"},
				"south": {"uv": [0, 6.5, 4.5, 8], "texture": "#0"},
				"west": {"uv": [7.5, 8, 8.5, 9.5], "texture": "#0"},
				"up": {"uv": [12.5, 2, 8, 1], "rotation": 180, "texture": "#0"},
				"down": {"uv": [12.5, 2, 8, 3], "rotation": 180, "texture": "#0"}
			}
		}
	],
	"display": {
		"gui": {
			"translation": [-0.75, -2.5, 0],
			"scale": [0.8, 0.8, 0.8]
		},
		"head": {
			"translation": [0, 10.25, 0]
		}
	}
}