{
	"credit": "Made with Blockbench",
	"texture_size": [64, 64],
	"textures": {
		"0": "item/chess-black-rock",
		"particle": "item/chess-black-rock"
	},
	"elements": [
		{
			"from": [2, 0, 2],
			"to": [14, 3, 14],
			"rotation": {"angle": 0, "axis": "y", "origin": [8, 0, 8]},
			"faces": {
				"north": {"uv": [7.5, 7, 10.5, 7.75], "texture": "#0"},
				"east": {"uv": [7.5, 7.75, 10.5, 8.5], "texture": "#0"},
				"south": {"uv": [0, 8.5, 3, 9.25], "texture": "#0"},
				"west": {"uv": [8.5, 0, 11.5, 0.75], "texture": "#0"},
				"up": {"uv": [3, 3, 0, 0], "texture": "#0"},
				"down": {"uv": [3, 3, 0, 6], "texture": "#0"}
			}
		},
		{
			"from": [2, 12, 2],
			"to": [14, 15, 14],
			"rotation": {"angle": 0, "axis": "y", "origin": [8, 0, 8]},
			"faces": {
				"north": {"uv": [8.5, 0.75, 11.5, 1.5], "texture": "#0"},
				"east": {"uv": [8.5, 1.5, 11.5, 2.25], "texture": "#0"},
				"south": {"uv": [8.5, 2.25, 11.5, 3], "texture": "#0"},
				"west": {"uv": [8.5, 3, 11.5, 3.75], "texture": "#0"},
				"up": {"uv": [6, 3, 3, 0], "texture": "#0"},
				"down": {"uv": [6, 3, 3, 6], "texture": "#0"}
			}
		},
		{
			"from": [2, 15, 2],
			"to": [5, 18, 3],
			"rotation": {"angle": 0, "axis": "y", "origin": [8, 0, 8]},
			"faces": {
				"north": {"uv": [3.75, 8.25, 4.5, 9], "texture": "#0"},
				"east": {"uv": [6.75, 9.25, 7, 10], "texture": "#0"},
				"south": {"uv": [8.5, 3.75, 9.25, 4.5], "texture": "#0"},
				"west": {"uv": [7, 9.25, 7.25, 10], "texture": "#0"},
				"up": {"uv": [5.75, 7, 5, 6.75], "texture": "#0"},
				"down": {"uv": [9.25, 6.75, 8.5, 7], "texture": "#0"}
			}
		},
		{
			"from": [11, 15, 2],
			"to": [13, 18, 3],
			"rotation": {"angle": 0, "axis": "y", "origin": [8, 0, 8]},
			"faces": {
				"north": {"uv": [3.5, 9, 4, 9.75], "texture": "#0"},
				"east": {"uv": [7.25, 9.25, 7.5, 10], "texture": "#0"},
				"south": {"uv": [4, 9, 4.5, 9.75], "texture": "#0"},
				"west": {"uv": [7.5, 9.25, 7.75, 10], "texture": "#0"},
				"up": {"uv": [3, 8.5, 2.5, 8.25], "texture": "#0"},
				"down": {"uv": [10.25, 5.5, 9.75, 5.75], "texture": "#0"}
			}
		},
		{
			"from": [7, 15, 2],
			"to": [9, 18, 3],
			"rotation": {"angle": 0, "axis": "y", "origin": [8, 0, 8]},
			"faces": {
				"north": {"uv": [4.5, 9, 5, 9.75], "texture": "#0"},
				"east": {"uv": [7.75, 9.25, 8, 10], "texture": "#0"},
				"south": {"uv": [0, 9.25, 0.5, 10], "texture": "#0"},
				"west": {"uv": [8, 9.25, 8.25, 10], "texture": "#0"},
				"up": {"uv": [10.25, 6, 9.75, 5.75], "texture": "#0"},
				"down": {"uv": [10.25, 6, 9.75, 6.25], "texture": "#0"}
			}
		},
		{
			"from": [13, 15, 11],
			"to": [14, 18, 13],
			"rotation": {"angle": 0, "axis": "y", "origin": [8, 0, 8]},
			"faces": {
				"north": {"uv": [9.5, 5.25, 9.75, 6], "texture": "#0"},
				"east": {"uv": [1.5, 9.25, 2, 10], "texture": "#0"},
				"south": {"uv": [9.5, 6, 9.75, 6.75], "texture": "#0"},
				"west": {"uv": [2, 9.25, 2.5, 10], "texture": "#0"},
				"up": {"uv": [10, 9.5, 9.75, 9], "texture": "#0"},
				"down": {"uv": [10, 9.5, 9.75, 10], "texture": "#0"}
			}
		},
		{
			"from": [13, 15, 7],
			"to": [14, 18, 9],
			"rotation": {"angle": 0, "axis": "y", "origin": [8, 0, 8]},
			"faces": {
				"north": {"uv": [9, 9.25, 9.25, 10], "texture": "#0"},
				"east": {"uv": [0.5, 9.25, 1, 10], "texture": "#0"},
				"south": {"uv": [9.25, 9.25, 9.5, 10], "texture": "#0"},
				"west": {"uv": [1, 9.25, 1.5, 10], "texture": "#0"},
				"up": {"uv": [10, 6.75, 9.75, 6.25], "texture": "#0"},
				"down": {"uv": [10, 8.5, 9.75, 9], "texture": "#0"}
			}
		},
		{
			"from": [13, 15, 2],
			"to": [14, 18, 5],
			"rotation": {"angle": 0, "axis": "y", "origin": [8, 0, 8]},
			"faces": {
				"north": {"uv": [8.25, 9.25, 8.5, 10], "texture": "#0"},
				"east": {"uv": [8.5, 4.5, 9.25, 5.25], "texture": "#0"},
				"south": {"uv": [8.5, 9.25, 8.75, 10], "texture": "#0"},
				"west": {"uv": [8.5, 5.25, 9.25, 6], "texture": "#0"},
				"up": {"uv": [9.5, 9.25, 9.25, 8.5], "texture": "#0"},
				"down": {"uv": [9, 9.25, 8.75, 10], "texture": "#0"}
			}
		},
		{
			"from": [3, 15, 13],
			"to": [5, 18, 14],
			"rotation": {"angle": 0, "axis": "y", "origin": [8, 0, 8]},
			"faces": {
				"north": {"uv": [9.25, 4.5, 9.75, 5.25], "texture": "#0"},
				"east": {"uv": [4, 9.75, 4.25, 10.5], "texture": "#0"},
				"south": {"uv": [5, 9.25, 5.5, 10], "texture": "#0"},
				"west": {"uv": [4.25, 9.75, 4.5, 10.5], "texture": "#0"},
				"up": {"uv": [1.5, 10.25, 1, 10], "texture": "#0"},
				"down": {"uv": [2, 10, 1.5, 10.25], "texture": "#0"}
			}
		},
		{
			"from": [7, 15, 13],
			"to": [9, 18, 14],
			"rotation": {"angle": 0, "axis": "y", "origin": [8, 0, 8]},
			"faces": {
				"north": {"uv": [2.5, 9.25, 3, 10], "texture": "#0"},
				"east": {"uv": [3.75, 9.75, 4, 10.5], "texture": "#0"},
				"south": {"uv": [9.25, 3.75, 9.75, 4.5], "texture": "#0"},
				"west": {"uv": [9.75, 3.75, 10, 4.5], "texture": "#0"},
				"up": {"uv": [0.5, 10.25, 0, 10], "texture": "#0"},
				"down": {"uv": [1, 10, 0.5, 10.25], "texture": "#0"}
			}
		},
		{
			"from": [11, 15, 13],
			"to": [14, 18, 14],
			"rotation": {"angle": 0, "axis": "y", "origin": [8, 0, 8]},
			"faces": {
				"north": {"uv": [8.5, 6, 9.25, 6.75], "texture": "#0"},
				"east": {"uv": [9.5, 8.5, 9.75, 9.25], "texture": "#0"},
				"south": {"uv": [7.5, 8.5, 8.25, 9.25], "texture": "#0"},
				"west": {"uv": [9.5, 9.25, 9.75, 10], "texture": "#0"},
				"up": {"uv": [10, 7, 9.25, 6.75], "texture": "#0"},
				"down": {"uv": [3.75, 9.75, 3, 10], "texture": "#0"}
			}
		},
		{
			"from": [2, 15, 3],
			"to": [3, 18, 5],
			"rotation": {"angle": 0, "axis": "y", "origin": [8, 0, 8]},
			"faces": {
				"north": {"uv": [5.75, 6, 6, 6.75], "texture": "#0"},
				"east": {"uv": [4.5, 8.25, 5, 9], "texture": "#0"},
				"south": {"uv": [9.25, 5.25, 9.5, 6], "texture": "#0"},
				"west": {"uv": [8.25, 8.5, 8.75, 9.25], "texture": "#0"},
				"up": {"uv": [4.75, 10.25, 4.5, 9.75], "texture": "#0"},
				"down": {"uv": [10, 4.5, 9.75, 5], "texture": "#0"}
			}
		},
		{
			"from": [2, 15, 7],
			"to": [3, 18, 9],
			"rotation": {"angle": 0, "axis": "y", "origin": [8, 0, 8]},
			"faces": {
				"north": {"uv": [5.5, 9.25, 5.75, 10], "texture": "#0"},
				"east": {"uv": [8.75, 8.5, 9.25, 9.25], "texture": "#0"},
				"south": {"uv": [5.75, 9.25, 6, 10], "texture": "#0"},
				"west": {"uv": [3, 9, 3.5, 9.75], "texture": "#0"},
				"up": {"uv": [5, 10.25, 4.75, 9.75], "texture": "#0"},
				"down": {"uv": [10, 5, 9.75, 5.5], "texture": "#0"}
			}
		},
		{
			"from": [2, 15, 11],
			"to": [3, 18, 14],
			"rotation": {"angle": 0, "axis": "y", "origin": [8, 0, 8]},
			"faces": {
				"north": {"uv": [6, 9.25, 6.25, 10], "texture": "#0"},
				"east": {"uv": [5, 6, 5.75, 6.75], "texture": "#0"},
				"south": {"uv": [9.25, 6, 9.5, 6.75], "texture": "#0"},
				"west": {"uv": [3, 8.25, 3.75, 9], "texture": "#0"},
				"up": {"uv": [6.5, 10, 6.25, 9.25], "texture": "#0"},
				"down": {"uv": [6.75, 9.25, 6.5, 10], "texture": "#0"}
			}
		},
		{
			"from": [3, 3, 3],
			"to": [13, 12, 13],
			"rotation": {"angle": 0, "axis": "y", "origin": [8, 0, 8]},
			"faces": {
				"north": {"uv": [2.5, 6, 5, 8.25], "texture": "#0"},
				"east": {"uv": [6, 2.5, 8.5, 4.75], "texture": "#0"},
				"south": {"uv": [6, 4.75, 8.5, 7], "texture": "#0"},
				"west": {"uv": [5, 7, 7.5, 9.25], "texture": "#0"},
				"up": {"uv": [2.5, 8.5, 0, 6], "texture": "#0"},
				"down": {"uv": [8.5, 0, 6, 2.5], "texture": "#0"}
			}
		}
	],
	"display": {
		"thirdperson_righthand": {
			"scale": [0.5, 0.5, 0.5]
		},
		"thirdperson_lefthand": {
			"scale": [0.5, 0.5, 0.5]
		},
		"firstperson_righthand": {
			"scale": [0.5, 0.5, 0.5]
		},
		"firstperson_lefthand": {
			"scale": [0.5, 0.5, 0.5]
		},
		"ground": {
			"translation": [0, 0.75, 0],
			"scale": [0.5, 0.5, 0.5]
		},
		"gui": {
			"rotation": [22.5, -45, 0],
			"scale": [0.85, 0.85, 0.85]
		},
		"head": {
			"translation": [0, -13, 0],
			"scale": [4, 4, 4]
		},
		"fixed": {
			"rotation": [-90, 0, 0],
			"translation": [0, 0, -16],
			"scale": [2, 2, 2]
		}
	}
}