{
	"credit": "Made with Blockbench",
	"texture_size": [64, 64],
	"textures": {
		"0": "item/chess-black-pawn",
		"particle": "item/chess-black-pawn"
	},
	"elements": [
		{
			"from": [2, 0, 2],
			"to": [14, 3, 14],
			"rotation": {"angle": 0, "axis": "y", "origin": [8, 0, 8]},
			"faces": {
				"north": {"uv": [8, 0, 11, 0.75], "texture": "#0"},
				"east": {"uv": [8, 0.75, 11, 1.5], "texture": "#0"},
				"south": {"uv": [8, 1.5, 11, 2.25], "texture": "#0"},
				"west": {"uv": [4, 8.5, 7, 9.25], "texture": "#0"},
				"up": {"uv": [3, 3, 0, 0], "texture": "#0"},
				"down": {"uv": [3, 3, 0, 6], "texture": "#0"}
			}
		},
		{
			"from": [3, 3, 3],
			"to": [13, 4, 13],
			"rotation": {"angle": 0, "axis": "y", "origin": [8, 0, 8]},
			"faces": {
				"north": {"uv": [9.5, 7.75, 12, 8], "texture": "#0"},
				"east": {"uv": [9.5, 8, 12, 8.25], "texture": "#0"},
				"south": {"uv": [9.5, 8.25, 12, 8.5], "texture": "#0"},
				"west": {"uv": [8, 10, 10.5, 10.25], "texture": "#0"},
				"up": {"uv": [5.5, 2.5, 3, 0], "texture": "#0"},
				"down": {"uv": [5.5, 2.5, 3, 5], "texture": "#0"}
			}
		},
		{
			"from": [4, 4, 4],
			"to": [12, 5, 12],
			"rotation": {"angle": 0, "axis": "y", "origin": [8, 0, 8]},
			"faces": {
				"north": {"uv": [10, 8.5, 12, 8.75], "texture": "#0"},
				"east": {"uv": [10, 8.75, 12, 9], "texture": "#0"},
				"south": {"uv": [10, 9, 12, 9.25], "texture": "#0"},
				"west": {"uv": [10, 9.25, 12, 9.5], "texture": "#0"},
				"up": {"uv": [7.5, 4.5, 5.5, 2.5], "texture": "#0"},
				"down": {"uv": [7.5, 4.5, 5.5, 6.5], "texture": "#0"}
			}
		},
		{
			"from": [5, 5, 5],
			"to": [11, 6, 11],
			"rotation": {"angle": 0, "axis": "y", "origin": [8, 0, 8]},
			"faces": {
				"north": {"uv": [8, 2.25, 9.5, 2.5], "texture": "#0"},
				"east": {"uv": [5, 10.75, 6.5, 11], "texture": "#0"},
				"south": {"uv": [8, 10.75, 9.5, 11], "texture": "#0"},
				"west": {"uv": [9.5, 10.75, 11, 11], "texture": "#0"},
				"up": {"uv": [1.5, 9.5, 0, 8], "texture": "#0"},
				"down": {"uv": [8.5, 8.5, 7, 10], "texture": "#0"}
			}
		},
		{
			"from": [5, 10, 5],
			"to": [11, 11, 11],
			"rotation": {"angle": 0, "axis": "y", "origin": [8, 0, 8]},
			"faces": {
				"north": {"uv": [0, 11, 1.5, 11.25], "texture": "#0"},
				"east": {"uv": [11, 0, 12.5, 0.25], "texture": "#0"},
				"south": {"uv": [11, 0.25, 12.5, 0.5], "texture": "#0"},
				"west": {"uv": [11, 0.5, 12.5, 0.75], "texture": "#0"},
				"up": {"uv": [10, 10, 8.5, 8.5], "texture": "#0"},
				"down": {"uv": [5.5, 9.25, 4, 10.75], "texture": "#0"}
			}
		},
		{
			"from": [5, 12, 5],
			"to": [11, 13, 11],
			"rotation": {"angle": 0, "axis": "y", "origin": [8, 0, 8]},
			"faces": {
				"north": {"uv": [11, 0.75, 12.5, 1], "texture": "#0"},
				"east": {"uv": [11, 1, 12.5, 1.25], "texture": "#0"},
				"south": {"uv": [11, 1.25, 12.5, 1.5], "texture": "#0"},
				"west": {"uv": [1.5, 11, 3, 11.25], "texture": "#0"},
				"up": {"uv": [7, 10.75, 5.5, 9.25], "texture": "#0"},
				"down": {"uv": [1.5, 9.5, 0, 11], "texture": "#0"}
			}
		},
		{
			"from": [5, 15, 5],
			"to": [11, 16, 11],
			"rotation": {"angle": 0, "axis": "y", "origin": [8, 0, 8]},
			"faces": {
				"north": {"uv": [11, 1.5, 12.5, 1.75], "texture": "#0"},
				"east": {"uv": [11, 1.75, 12.5, 2], "texture": "#0"},
				"south": {"uv": [11, 2, 12.5, 2.25], "texture": "#0"},
				"west": {"uv": [11, 2.25, 12.5, 2.5], "texture": "#0"},
				"up": {"uv": [3, 11, 1.5, 9.5], "texture": "#0"},
				"down": {"uv": [11, 2.25, 9.5, 3.75], "texture": "#0"}
			}
		},
		{
			"from": [6, 11, 6],
			"to": [10, 12, 10],
			"rotation": {"angle": 0, "axis": "y", "origin": [8, 0, 8]},
			"faces": {
				"north": {"uv": [2, 7, 3, 7.25], "texture": "#0"},
				"east": {"uv": [2, 7.25, 3, 7.5], "texture": "#0"},
				"south": {"uv": [3, 10.5, 4, 10.75], "texture": "#0"},
				"west": {"uv": [11, 2.5, 12, 2.75], "texture": "#0"},
				"up": {"uv": [3, 7, 2, 6], "texture": "#0"},
				"down": {"uv": [5, 7.5, 4, 8.5], "texture": "#0"}
			}
		},
		{
			"from": [6, 16, 6],
			"to": [10, 17, 10],
			"rotation": {"angle": 0, "axis": "y", "origin": [8, 0, 8]},
			"faces": {
				"north": {"uv": [11, 2.75, 12, 3], "texture": "#0"},
				"east": {"uv": [3, 11, 4, 11.25], "texture": "#0"},
				"south": {"uv": [11, 3, 12, 3.25], "texture": "#0"},
				"west": {"uv": [11, 3.25, 12, 3.5], "texture": "#0"},
				"up": {"uv": [4, 10.5, 3, 9.5], "texture": "#0"},
				"down": {"uv": [8, 10, 7, 11], "texture": "#0"}
			}
		},
		{
			"from": [4, 6, 4],
			"to": [12, 7, 12],
			"rotation": {"angle": 0, "axis": "y", "origin": [8, 0, 8]},
			"faces": {
				"north": {"uv": [10, 9.5, 12, 9.75], "texture": "#0"},
				"east": {"uv": [10, 9.75, 12, 10], "texture": "#0"},
				"south": {"uv": [8, 10.25, 10, 10.5], "texture": "#0"},
				"west": {"uv": [10, 10.25, 12, 10.5], "texture": "#0"},
				"up": {"uv": [2, 8, 0, 6], "texture": "#0"},
				"down": {"uv": [7.5, 6.5, 5.5, 8.5], "texture": "#0"}
			}
		},
		{
			"from": [4, 9, 4],
			"to": [12, 10, 12],
			"rotation": {"angle": 0, "axis": "y", "origin": [8, 0, 8]},
			"faces": {
				"north": {"uv": [8, 10.5, 10, 10.75], "texture": "#0"},
				"east": {"uv": [10, 10.5, 12, 10.75], "texture": "#0"},
				"south": {"uv": [10.5, 10, 12.5, 10.25], "texture": "#0"},
				"west": {"uv": [3, 10.75, 5, 11], "texture": "#0"},
				"up": {"uv": [4, 9.5, 2, 7.5], "texture": "#0"},
				"down": {"uv": [9.5, 2.5, 7.5, 4.5], "texture": "#0"}
			}
		},
		{
			"from": [4, 13, 4],
			"to": [12, 15, 12],
			"rotation": {"angle": 0, "axis": "y", "origin": [8, 0, 8]},
			"faces": {
				"north": {"uv": [9.5, 5.75, 11.5, 6.25], "texture": "#0"},
				"east": {"uv": [9.5, 6.25, 11.5, 6.75], "texture": "#0"},
				"south": {"uv": [9.5, 6.75, 11.5, 7.25], "texture": "#0"},
				"west": {"uv": [9.5, 7.25, 11.5, 7.75], "texture": "#0"},
				"up": {"uv": [9.5, 6.5, 7.5, 4.5], "texture": "#0"},
				"down": {"uv": [9.5, 6.5, 7.5, 8.5], "texture": "#0"}
			}
		},
		{
			"from": [3, 7, 3],
			"to": [13, 9, 13],
			"rotation": {"angle": 0, "axis": "y", "origin": [8, 0, 8]},
			"faces": {
				"north": {"uv": [9.5, 3.75, 12, 4.25], "texture": "#0"},
				"east": {"uv": [9.5, 4.25, 12, 4.75], "texture": "#0"},
				"south": {"uv": [9.5, 4.75, 12, 5.25], "texture": "#0"},
				"west": {"uv": [9.5, 5.25, 12, 5.75], "texture": "#0"},
				"up": {"uv": [5.5, 7.5, 3, 5], "texture": "#0"},
				"down": {"uv": [8, 0, 5.5, 2.5], "texture": "#0"}
			}
		}
	],
	"display": {
		"thirdperson_righthand": {
			"scale": [0.5, 0.5, 0.5]
		},
		"thirdperson_lefthand": {
			"scale": [0.5, 0.5, 0.5]
		},
		"firstperson_righthand": {
			"scale": [0.5, 0.5, 0.5]
		},
		"firstperson_lefthand": {
			"scale": [0.5, 0.5, 0.5]
		},
		"ground": {
			"translation": [0, 0.75, 0],
			"scale": [0.5, 0.5, 0.5]
		},
		"gui": {
			"rotation": [22.5, -45, 0],
			"scale": [0.85, 0.85, 0.85]
		},
		"head": {
			"translation": [0, -13, 0],
			"scale": [4, 4, 4]
		},
		"fixed": {
			"rotation": [-90, 0, 0],
			"translation": [0, 0, -16],
			"scale": [2, 2, 2]
		}
	}
}