{
    "providers": [
		{
			"type": "bitmap",
			"file": "minecraft:ranks/warden",
			"ascent":13,
			"height":80,
			"chars":["\ue000"]
		},
		{
			"type": "bitmap",
			"file": "minecraft:ranks/kill-team-commander",
			"ascent":13,
			"height":80,
			"chars":["\ue001"]
		},
		{
			"type": "bitmap",
			"file": "minecraft:ranks/kill-team",
			"ascent":13,
			"height":80,
			"chars":["\ue002"]
		},
		{
			"type": "bitmap",
			"file": "minecraft:ranks/swat-commander",
			"ascent":13,
			"height":80,
			"chars":["\ue003"]
		},
		{
			"type": "bitmap",
			"file": "minecraft:ranks/swat-director-assistent",
			"ascent":13,
			"height":80,
			"chars":["\ue004"]
		},
		{
			"type": "bitmap",
			"file": "minecraft:ranks/swat-director-assistent",
			"ascent":13,
			"height":80,
			"chars":["\ue005"]
		},
		{
			"type": "bitmap",
			"file": "minecraft:ranks/swat",
			"ascent":13,
			"height":80,
			"chars":["\ue006"]
		},
		{
			"type": "bitmap",
			"file": "minecraft:ranks/head-guard",
			"ascent":13,
			"height":80,
			"chars":["\ue007"]
		},
		{
			"type": "bitmap",
			"file": "minecraft:ranks/guard",
			"ascent":13,
			"height":80,
			"chars":["\ue008"]
		},
		{
			"type": "bitmap",
			"file": "minecraft:ranks/head-doctor",
			"ascent":13,
			"height":80,
			"chars":["\ue009"]
		},
		{
			"type": "bitmap",
			"file": "minecraft:ranks/doctor",
			"ascent":13,
			"height":80,
			"chars":["\ue00a"]
		},
		{
			"type": "bitmap",
			"file": "minecraft:ranks/head-chef",
			"ascent":13,
			"height":80,
			"chars":["\ue00b"]
		},
		{
			"type": "bitmap",
			"file": "minecraft:ranks/chef",
			"ascent":13,
			"height":80,
			"chars":["\ue00c"]
		},
		{
			"type": "bitmap",
			"file": "minecraft:ranks/mafia-boss",
			"ascent":13,
			"height":80,
			"chars":["\ue00d"]
		},
		{
			"type": "bitmap",
			"file": "minecraft:ranks/mafia",
			"ascent":13,
			"height":80,
			"chars":["\ue00e"]
		},
		{
			"type": "bitmap",
			"file": "minecraft:ranks/citizen",
			"ascent":13,
			"height":80,
			"chars":["\ue00f"]
		},
		{
			"type": "bitmap",
			"file": "minecraft:ranks/perm-fugitive",
			"ascent":13,
			"height":80,
			"chars":["\ue010"]
		},
		{
			"type": "bitmap",
			"file": "minecraft:ranks/fugitive",
			"ascent":13,
			"height":80,
			"chars":["\ue011"]
		},
		{
			"type": "bitmap",
			"file": "minecraft:ranks/criminal",
			"ascent":13,
			"height":80,
			"chars":["\ue012"]
		},
		{
			"type": "bitmap",
			"file": "minecraft:ranks/prisoner",
			"ascent":13,
			"height":80,
			"chars":["\ue013"]
		},
		{
			"type": "bitmap",
			"file": "minecraft:ranks/default",
			"ascent":13,
			"height":80,
			"chars":["\ue014"]
		},
		{
			"type": "bitmap",
			"file": "minecraft:textures/ranks/owner.png",
			"ascent":13,
			"height":80,
			"chars":["\ue015"]
		},
		{
			"type": "bitmap",
			"file": "minecraft:ranks/menager",
			"ascent":13,
			"height":80,
			"chars":["\ue016"]
		},
		{
			"type": "bitmap",
			"file": "minecraft:ranks/developer",
			"ascent":13,
			"height":80,
			"chars":["\ue017"]
		},
		{
			"type": "bitmap",
			"file": "minecraft:ranks/sr-admin",
			"ascent":13,
			"height":80,
			"chars":["\ue018"]
		},
		{
			"type": "bitmap",
			"file": "minecraft:ranks/admin",
			"ascent":13,
			"height":80,
			"chars":["\ue019"]
		},
		{
			"type": "bitmap",
			"file": "minecraft:ranks/jr-admin",
			"ascent":13,
			"height":80,
			"chars":["\ue01a"]
		},
		{
			"type": "bitmap",
			"file": "minecraft:ranks/sr-mod",
			"ascent":13,
			"height":80,
			"chars":["\ue01b"]
		},
		{
			"type": "bitmap",
			"file": "minecraft:ranks/mod",
			"ascent":13,
			"height":80,
			"chars":["\ue01c"]
		},
		{
			"type": "bitmap",
			"file": "minecraft:ranks/jr-mod",
			"ascent":13,
			"height":80,
			"chars":["\ue01d"]
		},
		{
			"type": "bitmap",
			"file": "minecraft:ranks/sr-helper",
			"ascent":13,
			"height":80,
			"chars":["\ue01e"]
		},
		{
			"type": "bitmap",
			"file": "minecraft:ranks/helper",
			"ascent":13,
			"height":80,
			"chars":["\ue01f"]
		},
		{
			"type": "bitmap",
			"file": "minecraft:ranks/jr-helper",
			"ascent":13,
			"height":80,
			"chars":["\ue020"]
		},
		{
			"type": "bitmap",
			"file": "minecraft:ranks/mvp+",
			"ascent":13,
			"height":80,
			"chars":["\ue021"]
		},
		{
			"type": "bitmap",
			"file": "minecraft:ranks/mvp",
			"ascent":13,
			"height":80,
			"chars":["\ue022"]
		},
		{
			"type": "bitmap",
			"file": "minecraft:ranks/vip+",
			"ascent":13,
			"height":80,
			"chars":["\ue023"]
		},
		{
			"type": "bitmap",
			"file": "minecraft:ranks/vip",
			"ascent":13,
			"height":80,
			"chars":["\ue024"]
		}
        ]
}