{
	"credit": "Made with Blockbench",
	"texture_size": [64, 64],
	"textures": {
		"0": "item/rock-hammer",
		"1": "item/hand-hammer",
		"particle": "hammer/rock-hammer"
	},
	"elements": [
		{
			"from": [4, 20, -3],
			"to": [12, 28, 19],
			"faces": {
				"north": {"uv": [4, 4, 6, 6], "texture": "#0"},
				"east": {"uv": [0, 0, 5.5, 2], "texture": "#0"},
				"south": {"uv": [5.5, 0, 7.5, 2], "texture": "#0"},
				"west": {"uv": [0, 2, 5.5, 4], "texture": "#0"},
				"up": {"uv": [2, 9.5, 0, 4], "texture": "#0"},
				"down": {"uv": [4, 4, 2, 9.5], "texture": "#0"}
			}
		},
		{
			"from": [7, -16, 7],
			"to": [9, 20, 9],
			"faces": {
				"north": {"uv": [0, 0, 0.5, 9], "texture": "#1"},
				"east": {"uv": [0.5, 0, 1, 9], "texture": "#1"},
				"south": {"uv": [1, 0, 1.5, 9], "texture": "#1"},
				"west": {"uv": [1.5, 0, 2, 9], "texture": "#1"},
				"up": {"uv": [2.5, 0.5, 2, 0], "texture": "#1"},
				"down": {"uv": [2.5, 0.5, 2, 1], "texture": "#1"}
			}
		}
	],
	"display": {
		"thirdperson_righthand": {
			"translation": [0, 0.75, 0]
		},
		"firstperson_righthand": {
			"translation": [0, -7, 0]
		},
		"firstperson_lefthand": {
			"translation": [0, -7, 0]
		},
		"ground": {
			"rotation": [45, 0, 0],
			"translation": [0, 5, 0],
			"scale": [0.5, 0.5, 0.5]
		},
		"gui": {
			"rotation": [90, 45, -90],
			"scale": [0.5, 0.5, 0.5]
		},
		"head": {
			"rotation": [-60, 0, 0],
			"translation": [0, 7.5, 20]
		},
		"fixed": {
			"rotation": [90, -45, 90]
		}
	},
	"groups": [
		{
			"name": "group",
			"origin": [8, 8, 8],
			"color": 0,
			"children": [0, 1]
		}
	]
}